event_name,event_venue,event_date,scraped_utc
Doja Cat – Ma Vie World Tour,Seoul | KINTEX Hall 10,2025-12-13T00:00:00Z,2025-11-21T08:22:04.349548+00:00
Amble,Seoul | Myunghwa Live Hall 5F Lounge,2026-02-02T00:00:00Z,2025-11-21T08:22:04.349548+00:00
OneRepublic,Seoul | 잠실 실내체육관,2026-02-23T00:00:00Z,2025-11-21T08:22:04.349548+00:00
ONE OK ROCK DETOX Asia Tour 2026 in Korea,Seoul | 잠실 실내체육관,2026-02-27T00:00:00Z,2025-11-21T08:22:04.349548+00:00
2025 Chuei Li Yu Fan Meeting ‘Drawing Yu’,Sejong University Daehangno Hall,2025.12.20 - 2025.12.20,2025-11-21T08:32:14.149616+00:00
Anime × Game Festival 2025 - Day 2 Ticket,KINTEX 1 Exhibition Hall 1/2/3/4/5 (Ilsan),2025.12.06 - 2025.12.06,2025-11-21T08:32:14.149616+00:00
2025 FTISLAND CONCERT ‘FTSODE’,광운대 동해문화예술회관/대극장,2025.12.27 - 2025.12.28,2025-11-21T08:32:14.149616+00:00
RIIZE PHOTO EXHIBITION [Silence: Inside the Fame 고요와 파동],ILMIN MUSEUM OF ART,2025.11.16 - 2025.11.30,2025-11-21T08:32:14.149616+00:00
BanG Dream! 10th exhibition,Space Galleria 서울 홍대/,2025.12.04 - 2026.02.01,2025-11-21T08:32:14.149616+00:00
Anime × Game Festival 2025 - Day 3 Ticket,KINTEX 1 Exhibition Hall 1/2/3/4/5 (Ilsan),2025.12.07 - 2025.12.07,2025-11-21T08:32:14.149616+00:00
Anime × Game Festival 2025 - Day 1 Ticket,KINTEX 1 Exhibition Hall 1/2/3/4/5 (Ilsan),2025.12.05 - 2025.12.05,2025-11-21T08:32:14.149616+00:00
"Bon appetit, Your Majesty’ YOONA Drama Fan Meeting IN SEOUL",SEOUL WOMEN’S UNIVERSITY MAIN AUDTORIUM,2025.12.20 - 2025.12.20,2025-11-21T08:32:14.149616+00:00
Q comes Q goes 2026 Sunset Rollercoaster in Seoul,KBS ARENA,2026.03.14 - 2026.03.14,2025-11-21T08:32:14.149616+00:00
2025 CHANYEOL B-day PARTY [FALLING FOR CHANYEOL],Sungshin Women＇s Univ．Woonjung Green Campus Grand Hall,2025.11.26 - 2025.11.26,2025-11-21T08:32:14.149616+00:00
2025 Brown Eyed Soul Soul CONCERT [SOUL Tricycle],Gocheok Sky Dome,2025.12.24 - 2025.12.31,2025-11-21T08:32:14.149616+00:00
MUSICAL 〈MAN IN HANBOK〉,CHUNGMU ARTS CENTER / GRAND THEATER,2025.12.02 - 2026.03.08,2025-11-21T08:32:14.149616+00:00
2025 can’t be blue BLUE LIVE : ROLLING HALL,Rolling Hall,2025.12.20 - 2025.12.20,2025-11-21T08:32:14.149616+00:00
EVE Concert Let’s dance!,WESTBRIDGE,2025.12.06 - 2025.12.06,2025-11-21T08:32:14.149616+00:00
Hyundai Card Curated 101 Seori,Hyundai Card UNDERSTAGE,2025.12.06 - 2025.12.07,2025-11-21T08:32:14.149616+00:00
NUT30 FESTIVAL - CRYING NUT with 10CM,KT&G Sangsangmadang Live hall,2025.12.08 - 2025.12.08,2025-11-21T08:32:14.149616+00:00
Anime × Game Festival 2025 3-Day Pass,KINTEX 1 Exhibition Hall 1/2/3/4/5 (Ilsan),2025.12.05 - 2025.12.07,2025-11-21T08:32:14.149616+00:00
"Jaedal, [action] Concert",SPACE BRICK,2025.12.13 - 2025.12.13,2025-11-21T08:32:14.149616+00:00
2025 Park Soeun Year-end Concert 〈Diary〉,"현대카드 UNDERSTAGE, 언더스테이지/",2025.12.20 - 2025.12.21,2025-11-21T08:32:14.149616+00:00
"[Seoul] 2025 Broccoli, you too? Winter concert - Moments we’ll never see again",Nodeulisland Live house,2025.12.23 - 2025.12.24,2025-11-21T08:32:14.149616+00:00
Kardi Live in Seoul 〈When The Lights Out〉,노들섬 라이브하우스/,2025.12.13 - 2025.12.13,2025-11-21T08:32:14.149616+00:00
SHIN SOOHYUN HAPPY CHRISTMAS CONCERT,Gurumare Theater,2025.12.25 - 2025.12.25,2025-11-21T08:32:14.149616+00:00
2025 K.will Concert 〈Good Luck〉,Kyung Hee University Grand Peace Hall,2025.12.06 - 2025.12.07,2025-11-21T08:32:14.149616+00:00
2025 N.Flying LIVE ‘&CON4 ENCORE : Let’s Roll &4EVER’,TICKET LINK LIVE ARENA (OLYMPIC HANDBALL GYMNASIUM),2025.12.19 - 2025.12.21,2025-11-21T08:32:14.149616+00:00
Cloudybay Solo Concert: Born from Blue,살롱 문보우/,2025.12.06 - 2025.12.06,2025-11-21T08:32:14.149616+00:00
YOUNG 40 CLUB PARTY (영포티클럽파티),아라비안나이트,2025.12.11 - 2025.12.11,2025-11-21T08:32:14.149616+00:00
2025 can’t be blue BLUE LIVE : CLUB FF,홍대 클럽 FF/,2025.12.12 - 2025.12.12,2025-11-21T08:32:14.149616+00:00
Taejong Concert 〈Lovecraft〉,"현대카드 UNDERSTAGE, 언더스테이지/",2025.12.27 - 2025.12.27,2025-11-21T08:32:14.149616+00:00
"[Gwangju] 2025 Broccoli, you too? Winter concert - Moments we’ll never see again",광주북구문화센터,2025.12.30 - 2025.12.30,2025-11-21T08:32:14.149616+00:00
HATSUNE MIKU EXPO 2025 in Seoul,Korea University Hwajeong Tiger Dome,2025.11.29 - 2025.11.30,2025-11-21T08:32:14.149616+00:00
COOING 1st fan meeting [TREASURE BOX],Club onair,2025.12.20 - 2025.12.20,2025-11-21T08:32:14.149616+00:00
2025 SONG SOHEE CONCERT : RE:5,Nodeulisland Live house,2025.12.06 - 2025.12.07,2025-11-21T08:32:14.149616+00:00
jeonjinhee’s room [present],Veloso Hongdae,2025.12.19 - 2025.12.21,2025-11-21T08:32:14.149616+00:00
natori Asia Tour 2025 in Seoul,YES24 LIVE HALL,2025.11.21 - 2025.11.22,2025-11-21T08:32:14.149616+00:00
The 77th LIVE CLUB DAY,LIVE CLUB DAY,2025.11.28 - 2025.11.28,2025-11-21T08:32:14.149616+00:00
Musical 〈Dekabri〉,NOL 서경스퀘어 스콘 1관,2025.09.10 - 2025.11.30,2025-11-21T08:32:14.149616+00:00
"MEETING ROOM 005 : cloud koh, mayu",서보미술문화공간/,2025.12.13 - 2025.12.13,2025-11-21T08:32:14.149616+00:00
DADADA 1st EP SHOWCASE,Veloso Hongdae,2025.12.03 - 2025.12.03,2025-11-21T08:32:14.149616+00:00
Ahn Yeeun Solo Concert 〈9th OTAKURISTMAS〉,Baekam Art Hall,2025.12.14 - 2025.12.14,2025-11-21T08:32:14.149616+00:00
LUAMEL Year-end Concert 〈Journey : Navigator〉,클럽온에어/,2025.12.06 - 2025.12.06,2025-11-21T08:32:14.149616+00:00
MONDAY PROJECT season8 OUR UNIVERSE [DEFAULT. Solo Concert],Club onair,2025.12.08 - 2025.12.08,2025-11-21T08:32:14.149616+00:00
Koh Sangji Concert 〈ADVENTURERS’ GUILD〉,Sejong S Theater,2025.12.30 - 2025.12.31,2025-11-21T08:32:14.149616+00:00
Musical 〈BONNIE AND CLYDE〉,HONGIK DAEHANGNO ART CENTER/GRAND THEATER,2025.12.11 - 2026.03.02,2025-11-21T08:32:14.149616+00:00
2025 THE CRY ground - Last Holiday,부산 벡스코(BEXCO)/제 1전시장,2025.12.28 - 2025.12.28,2025-11-21T08:32:14.149616+00:00
FRUITS ZIPPER 1st ASIA TOUR 2025 in Seoul,"Kwangwoon University, Donghae Arts Center",2025.11.29 - 2025.11.29,2025-11-21T08:32:14.149616+00:00
Hangronan Concert 〈Broken spectre〉,Rolling Hall,2025.12.12 - 2025.12.12,2025-11-21T08:32:14.149616+00:00
MONDAY PROJECT season 8 [Chungyoile solo concert ‘푸르름을 안고 가장 어두운 곳으로’],Club onair,2025.12.11 - 2025.12.11,2025-11-21T08:32:14.149616+00:00
Personal Space : Kangziwon,GONGSANGONDO,2025.12.13 - 2025.12.14,2025-11-21T08:32:14.149616+00:00
Latin Kitchen Luna Concert 〈Latin Kitchen Luna’s Christmas〉,Sejong S Theater,2025.12.25 - 2025.12.25,2025-11-21T08:32:14.149616+00:00
HONG EUNKI FAN SIGN EVENT [Our secret signal],마이원 타워 B1,2025.11.22 - 2025.11.22,2025-11-21T08:32:14.149616+00:00
EXO’verse,INSPIRE ARENA,2025.12.14 - 2025.12.14,2025-11-21T08:32:14.149616+00:00
MUSICAL 〈MAN IN HANBOK〉 Subtitle Glasses Pre-order Service,CHUNGMU ARTS CENTER / GRAND THEATER,2025.12.09 - 2026.03.08,2025-11-21T08:32:14.149616+00:00
2025 JANG DONG WOO FAN MEETING 〈AWAKE〉,Sungshin Women＇s Univ．Woonjung Green Campus Grand Hall,2025.11.29 - 2025.11.29,2025-11-21T08:32:14.149616+00:00
MONDAY PROJECT IN LIVE CLUB [S!o Solo Concert],공상온도/,2025.12.03 - 2025.12.03,2025-11-21T08:32:14.149616+00:00
Someday Christmas 2025,Busan BEXCO 1st Exhibition Hall,2025.12.25 - 2025.12.27,2025-11-21T08:32:14.149616+00:00
리치맨과 그루브나이스 NEW EP 앨범 〈Gumball Machine〉 발매 기념 공연,SPACE BRICK,2025.12.19 - 2025.12.19,2025-11-21T08:32:14.149616+00:00
2025 DOH KYUNG SOO ASIA CONCERT TOUR 〈DO it! THE FINAL〉,Korea University Hwajeong Tiger Dome,2025.12.06 - 2025.12.07,2025-11-21T08:32:14.149616+00:00
2025–2026 KIM JAE WON WORLD TOUR FANMEETING 〈THE MOMENT WE MET – The Prologue in Seoul〉,흰물결아트센터/화이트홀,2025.11.30 - 2025.11.30,2025-11-21T08:32:14.149616+00:00
MONDAY PROJECT x For:Rest LIVE “MONDAY:SOOP” [HOA Solo Concert],숲세권 라이브,2025.12.08 - 2025.12.08,2025-11-21T08:32:14.149616+00:00
Machine Girl LIVE IN SEOUL 2025,Rolling Hall,2025.12.04 - 2025.12.04,2025-11-21T08:32:14.149616+00:00
MONDAY PROJECT season 8 [TAEK WOO solo concert “What Ending”],Club onair,2025.12.04 - 2025.12.04,2025-11-21T08:32:14.149616+00:00
darin Year-end Concert 〈if love exists somewhere〉,Sejong S Theater,2025.12.28 - 2025.12.28,2025-11-21T08:32:14.149616+00:00
MONDAY PROJECT season 8 [GhostBookstore’s Solo Concert ‘Campfire and Ghosts’],Club onair,2025.12.01 - 2025.12.01,2025-11-21T08:32:14.149616+00:00
MONDAY PROJECT season8 [Wonho & The Time Machine Solo Concert ‘The private’],Club onair,2025.11.27 - 2025.11.27,2025-11-21T08:32:14.149616+00:00
"KIM DONG WAN’s small theater concert, The Fourth Sleepover",음악역 1939 M STATION,2025.11.07 - 2025.11.21,2025-11-21T08:32:14.149616+00:00
MONDAY PROJECT season 8 [kimchowon’s Solo Concert ‘WELCOME TO CHOCHO UNIVERSE’],스페이스한강,2025.12.01 - 2025.12.01,2025-11-21T08:32:14.149616+00:00
Folk.Zip,Veloso Hongdae,2025.11.22 - 2025.11.23,2025-11-21T08:32:14.149616+00:00
[Incheon] 2025 Kazumi Tateishi Trio Live in Korea-GHIBLI meets JAZZ-,인천종합문화예술회관/소공연장,2025.12.21 - 2025.12.21,2025-11-21T08:32:14.149616+00:00
2025 LEE JAE WOOK ASIA FANMEETING TOUR 〈pro‘log’〉 IN SEOUL,"Kwangwoon University, Donghae Arts Center",2025.12.13 - 2025.12.13,2025-11-21T08:32:14.149616+00:00
NIKKE ORCHESTRAL CONCERT 「Unbreakable Memories」,"Kwangwoon University, Donghae Arts Center",2026.03.28 - 2026.03.29,2025-11-21T08:32:14.149616+00:00
YEONJEONG 2nd Solo Concert [SLOW GOODBYE],Nodeulisland Live house,2025.12.14 - 2025.12.14,2025-11-21T08:32:14.149616+00:00
Swiimers High Asia Tour Seoul : 마지막 처음,신도시/,2025.11.22 - 2025.11.22,2025-11-21T08:32:14.149616+00:00
strangers club vol.5 – Hashirikomies & Park So Eun,SPACE SODA2002,2025.12.06 - 2025.12.06,2025-11-21T08:32:14.149616+00:00
NUT30 FESTIVAL - Cha Seungwoo & The Cousins · Seoul Busan Incheon · Seoul Electric Band Curated by Crying Nut,KT&G 상상마당/라이브홀,2025.11.26 - 2025.11.26,2025-11-21T08:32:14.149616+00:00
MONDAY PROJECT season8 [NOISE BETWEEN THE LINES solo concert],신촌 베이비돌,2025.12.04 - 2025.12.04,2025-11-21T08:32:14.149616+00:00
Moon Byul CONCERT TOUR [MUSEUM : village of eternal glow],KBS ARENA,2025.11.22 - 2025.11.23,2025-11-21T08:32:14.149616+00:00
KWON MIN A 1ST FAN MEETING IN SEOUL,H-stage,2026.01.23 - 2026.01.23,2025-11-21T08:32:14.149616+00:00
[Suwon] 2025 Kazumi Tateishi Trio Live in Korea-GHIBLI meets JAZZ-,Gyeonggi Arts Center Small Theater,2025.11.23 - 2025.11.23,2025-11-21T08:32:14.149616+00:00
"Colorful Stage #15 To More Raw, Natasha","KT&G Sangsang madang, Live hall",2025.11.30 - 2025.11.30,2025-11-21T08:32:14.149616+00:00
"All Day, JAZZ SHOW!",EDLS,2025.12.21 - 2025.12.21,2025-11-21T08:32:14.149616+00:00
Atarayo Yume-gatari TOUR 2025 IN SEOUL,Nodeul Island Live House,2025.11.23 - 2025.11.23,2025-11-21T08:32:14.149616+00:00
HANRORO 4TH SOLO CONCERT 〈JAMONG SALGU CLUB〉,고려대학교 화정체육관/,2025.11.22 - 2025.11.23,2025-11-21T08:32:14.149616+00:00
Choi Ingyeong Winter Concert 〈Memories〉,CKL STAGE,2025.12.07 - 2025.12.07,2025-11-21T08:32:14.149616+00:00
BALLAD ONLY,WESTBRIDGE,2025.11.30 - 2025.11.30,2025-11-21T08:32:14.149616+00:00
Jang Hyun Seung Concert [A fragment of the Mid8],Gurumare Theater,2025.11.23 - 2025.11.23,2025-11-21T08:32:14.149616+00:00
PARKHYUNKYU LIVEARY vol.2,yeonnam space,2025.12.06 - 2025.12.06,2025-11-21T08:32:14.149616+00:00
2025 Kazumi Tateishi Trio Live in Korea-Christmas meets JAZZ-,Seongnam Arts Center / Concert Hall,2025.12.14 - 2025.12.14,2025-11-21T08:32:14.149616+00:00
[Cheonan] 2025 Kazumi Tateishi Trio Live in Korea-GHIBLI meets JAZZ-,천안예술의전당/대공연장,2025.12.20 - 2025.12.20,2025-11-21T08:32:14.149616+00:00
[Busan] 2025 Kazumi Tateishi Trio Live in Korea-GHIBLI meets JAZZ-,Geumjeong Cultural Center Geumbitnuri hall,2025.12.24 - 2025.12.24,2025-11-21T08:32:14.149616+00:00
PROJECT Q vol.1 O.O.O : The way,생기스튜디오/,2025.11.23 - 2025.11.23,2025-11-21T08:32:14.149616+00:00
MONDAY PROJECT season8 [socialclub_hyangwu solo concert],신촌 베이비돌/,2025.11.24 - 2025.11.24,2025-11-21T08:32:14.149616+00:00
송선&현빈 팬미팅 〈On a warm winter day〉,Club onair,2025.11.28 - 2025.11.28,2025-11-21T08:32:14.149616+00:00
RYE SINGLE Release Concert : ‘Love Theory’,Rolling Hall,2025.11.28 - 2025.11.28,2025-11-21T08:32:14.149616+00:00
"KIM DONG WAN’s FAN CAMP, The real Sleepover",-/,2025.11.21 - 2025.11.22,2025-11-21T08:32:14.149616+00:00
Chanyoung Park 1st Concert 〈In my Room〉,Sejong S Theater,2025.12.27 - 2025.12.27,2025-11-21T08:32:14.149616+00:00
PROJECT Q vol.2 HWANHO & OAH! : Ignite in the Chill,생기스튜디오,2025.11.30 - 2025.11.30,2025-11-21T08:32:14.149616+00:00
sonlmor Year-End Concert : ‘Before The Hatch’,Rolling Hall,2025.12.05 - 2025.12.05,2025-11-21T08:32:14.149616+00:00
JaejooBoys Concert “Let’s Sing Pretty Songs”,CJ azit Gwangheungchang,2025.11.22 - 2025.11.22,2025-11-21T08:32:14.149616+00:00
KESSOKUBAND LIVE in KOREA 「From Shimokitazawa」,KINTEX 9HALL,2025.12.06 - 2025.12.06,2025-11-21T08:32:14.149616+00:00
youTopia vol.2 “Dragon Pony X KAMI WA SAIKORO WO FURANAI” - SEOUL,명화라이브홀/,2025.11.22 - 2025.11.23,2025-11-21T08:32:14.149616+00:00
MONDAY PROJECT x For:Rest LIVE “MONDAY:SOOP” [MGFF Solo Concert],숲세권 라이브/,2025.11.24 - 2025.11.24,2025-11-21T08:32:14.149616+00:00
수조 단독 공연 〈다시 쓰는 겨울 : A New Winter Tale〉,Club onair,2025.12.07 - 2025.12.07,2025-11-21T08:32:14.149616+00:00
4BOUT Solo Concert 〈Rebirth of the Blue〉,SPACE SODA2002,2025.11.29 - 2025.11.29,2025-11-21T08:32:14.149616+00:00
Yeyoung Kang 1st Album Concert: Because We Keep Traveling,CJ아지트 광흥창/,2025.11.29 - 2025.11.29,2025-11-21T08:32:14.149616+00:00
hololive STAGE World Tour ‘25 -Synchronize!- @ Seoul,일산 킨텍스(KINTEX)/제 1전시장 5홀 - AGF 레드스테이지,2025.12.06 - 2025.12.06,2025-11-21T08:32:14.149616+00:00
small indies asia tour 2025 FOMARE/KOTORI,Rolling Hall,2025.11.29 - 2025.11.29,2025-11-21T08:32:14.149616+00:00
"youra Year-end Jazz Concert 〈youra X MAS, X SIDE〉",Sejong S Theater,2025.12.26 - 2025.12.26,2025-11-21T08:32:14.149616+00:00
ASC2NT 2025 FAN CONCERT : Dear. Winter,스페이스 브릭/,2025.12.06 - 2025.12.06,2025-11-21T08:32:14.149616+00:00
Joe Won Sun Concert 〈Dear My Christmas〉,Sejong S Theater,2025.12.24 - 2025.12.24,2025-11-21T08:32:14.149616+00:00
wave to earth Curated 01 Milena,HYUNDAICARD UNDERSTAGE,2025.11.30 - 2025.11.30,2025-11-21T08:32:14.149616+00:00
2025 THE 1ST STELLIVE FESTIVAL [ STAR TRAIL ],일산 킨텍스(KINTEX) 제2전시장 10홀,2025.12.20 - 2025.12.20,2025-11-21T08:32:14.149616+00:00
"THORNAPPLE Concert ‘Sea, Cloud and Stage’",Korea University Hwajeong Tiger Dome,2025.12.20 - 2025.12.21,2025-11-21T08:32:14.149616+00:00
CRYING NUT 30th Anniversary Concert - NUT 30 SPECIAL,Nodeul Island Live House,2025.11.30 - 2025.11.30,2025-11-21T08:32:14.149616+00:00
2025 BEST CHOI’s MINHO 〈Our Movie〉,Korea University Hwajeong Tiger Dome,2025.12.13 - 2025.12.14,2025-11-21T08:32:14.149616+00:00
Stardew Valley: Symphony of Seasons,"Kwangwoon University, Donghae Arts Center",2025.12.20 - 2025.12.20,2025-11-21T08:32:14.149616+00:00
WHIB 1st FANCON [AnD : New Chapter],Sungshin Women＇s Univ．Woonjung Green Campus Grand Hall,2025.11.30 - 2025.11.30,2025-11-21T08:32:14.149616+00:00
Roselia ASIA TOUR 「Neuweltfahrt」 in Seoul,Korea University Hwajeong Tiger Dome,2025.12.24 - 2025.12.24,2025-11-21T08:32:14.149616+00:00
2025 WOODZ PREVIEW CONCERT：index_00,Jamsil Indoor Stadium,2025.11.29 - 2025.11.30,2025-11-21T08:32:14.149616+00:00
2025 JUNGWOO FANMEETING [Golden Sugar Time],ticketLINK Live Arena,2025.11.28 - 2025.11.28,2025-11-21T08:32:14.149616+00:00
Wednesday Live in Seoul,SA HALL,2026.01.23 - 2026.01.23,2025-11-21T08:32:14.149616+00:00
RP TOUR : KIMSUYOUNG EP [Antiguo Trunk] RELEASE SHOWCASE - SEOUL,"KT&G Sangsang madang, Live hall",2026.01.02 - 2026.01.04,2025-11-21T08:32:14.149616+00:00
Seoul Electric Band year-end Concert : Life Is Strange: Dec. Edition,Rolling Hall,2025.12.28 - 2025.12.28,2025-11-21T08:32:14.149616+00:00
2025-26 포레스텔라 콘서트 THE LEGACY in Seoul,Korea University Hwajeong Tiger Dome,2025.12.27 - 2025.12.28,2025-11-21T08:32:14.149616+00:00
RP TOUR : KIMSUYOUNG EP [Antiguo Trunk] RELEASE SHOWCASE - BUSAN,"KT&G Sangsangmadang Live hall, Busan",2025.12.27 - 2025.12.28,2025-11-21T08:32:14.149616+00:00
MGFF Year-End Concert : MOIM,Rolling Hall,2025.12.27 - 2025.12.27,2025-11-21T08:32:14.149616+00:00
2025 can‘t be blue BLUE LIVE : INTERPLAY CLUB in BUSAN,INTERPLAY CLUB,2025.12.27 - 2025.12.27,2025-11-21T08:32:14.149616+00:00
gikuhasi solo concert 〈Graduation〉,벨로주 홍대/,2025.12.27 - 2025.12.27,2025-11-21T08:32:14.149616+00:00
O3ohn Concert 〈HUE : 2025〉,노들섬 라이브하우스/,2025.12.26 - 2025.12.28,2025-11-21T08:32:14.149616+00:00
[Gwangju] 2025 Kazumi Tateishi Trio Live in Korea-GHIBLI meets JAZZ-,National Asian Culture Center for Culture Arts Theater 2,2025.12.25 - 2025.12.25,2025-11-21T08:32:14.149616+00:00
2025 엔분의일 (1/N),"KT&G Sangsang madang, Live hall",2025.12.25 - 2025.12.25,2025-11-21T08:32:14.149616+00:00
Jinho Year-End Concert : Winter Bloom,Rolling Hall,2025.12.24 - 2025.12.24,2025-11-21T08:32:14.149616+00:00
ASADAL CONCERT ‘5to6’,아지토,2025.12.23 - 2025.12.23,2025-11-21T08:32:14.149616+00:00
Su Hwan Choi Christmas Concert ‘All I want for Chrisuhwans’,Club onair,2025.12.21 - 2025.12.21,2025-11-21T08:32:14.149616+00:00
POSER solo Concert,Club Victim,2025.12.21 - 2025.12.21,2025-11-21T08:32:14.149616+00:00
SKIPJACK Year-End Concert : 13,Rolling Hall,2025.12.21 - 2025.12.21,2025-11-21T08:32:14.149616+00:00
RP TOUR : KIMSUYOUNG EP [Antiguo Trunk] RELEASE SHOWCASE - CHUNCHEON,KT&G Sangsangmadang Sound hall CHUNCHEON,2025.12.20 - 2025.12.20,2025-11-21T08:32:14.149616+00:00
MONDAY PROJECT x For:Rest LIVE “MONDAY:SOOP” [Sun&Mer Solo Concert],숲세권 라이브,2025.12.18 - 2025.12.18,2025-11-21T08:32:14.149616+00:00
MONDAY PROJECT season8 [OAH! solo concert “No Apologies”],신촌 베이비돌,2025.12.18 - 2025.12.18,2025-11-21T08:32:14.149616+00:00
AoB Presents #7 : Complete Anomie,KT&G Sangsangmadang Livehall，Hongdae,2025.12.17 - 2025.12.17,2025-11-21T08:32:14.149616+00:00
"MONDAY PROJECT season 8 [Leeparan’s Solo Concert ‘Leeparan Pirates, rescue!’]",Club onair,2025.12.17 - 2025.12.17,2025-11-21T08:32:14.149616+00:00
MONDAY PROJECT x For:Rest LIVE “MONDAY:SOOP” [Hwanho Solo Concert],숲세권 라이브,2025.12.17 - 2025.12.17,2025-11-21T08:32:14.149616+00:00
AoB Presents #6 : Joyful Horse Dream!,KT&G Sangsangmadang Livehall，Hongdae,2025.12.16 - 2025.12.16,2025-11-21T08:32:14.149616+00:00
MONDAY PROJECT x For:Rest LIVE “MONDAY:SOOP” [ddbb Solo Concert],숲세권 라이브/,2025.12.15 - 2025.12.15,2025-11-21T08:32:14.149616+00:00
NUT30 FESTIVAL - Monkey Gang War · Lazybone · Far East Asian Tigers Curated by Crying Nut,KT&G 상상마당/라이브홀,2025.12.15 - 2025.12.15,2025-11-21T08:32:14.149616+00:00
[Seoul] 2025 Kazumi Tateishi Trio Live in Korea-GHIBLI meets JAZZ-,Yongsan Art Hall Main Theater Mir,2025.12.13 - 2025.12.13,2025-11-21T08:32:14.149616+00:00
Moon Sujin FAN-CON 〈Tight Rope〉,Veloso Hongdae,2025.12.11 - 2025.12.11,2025-11-21T08:32:14.149616+00:00
Anime X Game Festival 2025 - RED STAGE 12. 7 (SUN),일산 킨텍스(KINTEX)/제 1전시장 5홀 - AGF 레드스테이지,2025.12.07 - 2025.12.07,2025-11-21T08:32:14.149616+00:00
Anime X Game Festival 2025 - RED STAGE 12. 6 (SAT),일산 킨텍스(KINTEX)/제 1전시장 5홀 - AGF 레드스테이지,2025.12.06 - 2025.12.06,2025-11-21T08:32:14.149616+00:00
2025 CMYK : HIPHOP TOP12,Rolling Hall,2025.11.27 - 2025.11.27,2025-11-21T08:32:14.149616+00:00
[Goyang] 2025 Kazumi Tateishi Trio Live in Korea-GHIBLI meets JAZZ-,"Byeolmorae Theater, Goyang SPART Complex & Park",2025.11.22 - 2025.11.22,2025-11-21T08:32:14.149616+00:00
"Again, Ubermensh",뮤지엄 원,2025.11.15 - 2026.10.11,2025-11-21T08:32:14.149616+00:00
MUSICAL HUNKY SHOW,스타스테이지,2025.04.25 - 2026.02.28,2025-11-21T08:32:14.149616+00:00
GIVĒON - DEAR BELOVED THE TOUR,Seoul | 명화 라이브홀,2026-01-18T00:00:00Z,2025-12-02T07:20:52.911990+00:00
GIVĒON - DEAR BELOVED THE TOUR,Seoul | 명화 라이브홀,2026-01-19T00:00:00Z,2025-12-02T07:20:52.911990+00:00
ONE OK ROCK DETOX Asia Tour 2026 in Korea,Seoul | 잠실 실내체육관,2026-02-28T00:00:00Z,2025-12-02T07:20:52.911990+00:00
2025 Chuei Li Yu Fan Meeting ‘Drawing Yu’,Sejong University Daehangno Hall,2025.12.20 - 2025.12.21,2025-12-02T07:21:04.450758+00:00
A Voice of One Shouting,GONGGAM CENTER,2025.12.20 - 2025.12.20,2025-12-02T07:21:04.450758+00:00
O3ohn Concert 〈HUE : 2025〉,노들섬 라이브하우스,2025.12.26 - 2025.12.28,2025-12-02T07:21:04.450758+00:00
Oh Ji-eun CONCERT 〈Light of Winter〉,KT&G Sangsangmadang Live hall,2025.12.28 - 2025.12.28,2025-12-02T07:21:04.450758+00:00
CULTURE STAGE #5. Cadejo X Bek Hyunjin : Culture Garden Arthall 10th anniversary concert series,MUNHWA JEONGWON ARTHALL,2025.12.20 - 2025.12.20,2025-12-02T07:21:04.450758+00:00
SKYE FINAL FANMEEINTG,H-스테이지/,2025.12.28 - 2025.12.28,2025-12-02T07:21:04.450758+00:00
기프트 어쿠스틱 단독공연 〈Glow〉,톤 스튜디오/,2025.12.13 - 2025.12.13,2025-12-02T07:21:04.450758+00:00
Monday Project Season 8 [‘LONG TIME NO SHIT’ Solo Concert 〈What We Can Do in 2025〉],Club onair,2025.12.15 - 2025.12.15,2025-12-02T07:21:04.450758+00:00
2025 PARK DOHA FANCON ‘Love to Love’,H-stage,2025.12.14 - 2025.12.14,2025-12-02T07:21:04.450758+00:00
고백,SPACE BRICK,2025.12.20 - 2025.12.20,2025-12-02T07:21:04.450758+00:00
적란운 1st 전국 투어 〈초도비행 (初度飛行)〉 - 서울,벨로주 홍대/,2026.01.10 - 2026.01.10,2025-12-02T07:21:04.450758+00:00
Synsnake 2nd Album ‘Nodes’ Release Show in Seoul,WESTBRIDGE LIVE HALL,2026.01.03 - 2026.01.03,2025-12-02T07:21:04.450758+00:00
적란운 1st 전국 투어 〈초도비행 (初度飛行)〉 - 부산,부산 오방가르드/,2026.01.17 - 2026.01.17,2025-12-02T07:21:04.450758+00:00
적란운 1st 전국 투어 〈초도비행 (初度飛行)〉 - 대전,인터플레이/,2026.01.24 - 2026.01.24,2025-12-02T07:21:04.450758+00:00
2025 Son Jinwook Music Event [Black&White],H-스테이지/,2025.12.20 - 2025.12.20,2025-12-02T07:21:04.450758+00:00
ZUTOMAYO INTENSE II「坐・ZOMBIE CRAB LABO」 in Seoul,Korea University Hwajeong Tiger Dome,2026.03.14 - 2026.03.14,2025-12-02T07:21:04.450758+00:00
〈Gen Hoshino Live in Korea “약속”〉,INSPIRE ARENA,2026.02.06 - 2026.02.06,2025-12-02T07:21:04.450758+00:00
2026 CNBLUE LIVE ‘3LOGY’,TICKET LINK LIVE ARENA (OLYMPIC HANDBALL GYMNASIUM),2026.01.17 - 2026.01.18,2025-12-02T07:21:04.450758+00:00
Kawanishi Natsuki(카와니시 나츠키) Live in Seoul,KT&G 상상마당/라이브홀,2026.01.14 - 2026.01.14,2025-12-02T07:21:04.450758+00:00
DECADENT: One and Three,CJ Azit Gwangheungchang,2026.01.10 - 2026.01.11,2025-12-02T07:21:04.450758+00:00
"Lee Min-jung Concert “Every Minute, Every Second” : Rolling 31st Anniversary Show",Rolling Hall,2026.01.08 - 2026.01.08,2025-12-02T07:21:04.450758+00:00
GIFT Concert ‘GO!!’ : Rolling 31st Anniversary Show,Rolling Hall,2026.01.04 - 2026.01.04,2025-12-02T07:21:04.450758+00:00
Xdinary Heroes 2ND FANMEETING 〈XCLUSIVE PARTY〉,Korea University Hwajeong Tiger Dome,2026.01.03 - 2026.01.04,2025-12-02T07:21:04.450758+00:00
Byeol Eun Concert ‘Letter of Romance’ : Rolling 31st Anniversary Show,Rolling Hall,2026.01.02 - 2026.01.02,2025-12-02T07:21:04.450758+00:00
2025 Hemeets Year-end Concert ‘Endless Set List’,WESTBRIDGE,2025.12.28 - 2025.12.28,2025-12-02T07:21:04.450758+00:00
서원 fanmeeting in Seoul 〈Holiday Party〉,송해아트홀,2025.12.28 - 2025.12.28,2025-12-02T07:21:04.450758+00:00
Electron Sheep 〈PLAYING AND LIVING: ISCO’ 25〉,WESTBRIDGE LIVE HALL,2025.12.27 - 2025.12.27,2025-12-02T07:21:04.450758+00:00
Oyster End-year concert : Into the Shell,KT&G Sangsangmadang Livehall，Hongdae,2025.12.26 - 2025.12.26,2025-12-02T07:21:04.450758+00:00
MONDAY PROJECT season 8 [ untell “ANIMAL” 2nd Anniversary Concert],Club onair,2025.12.23 - 2025.12.23,2025-12-02T07:21:04.450758+00:00
MONDAY PROJECT season 8 [saeneok’s solo concert “Boy Sculpture”],Club onair,2025.12.22 - 2025.12.22,2025-12-02T07:21:04.450758+00:00
먼데이프로젝트 시즌8 : 단편선 순간들 연말 단독 콘서트 〈인간 만세〉,벨로주 홍대/,2025.12.22 - 2025.12.22,2025-12-02T07:21:04.450758+00:00
KangSeungSik Fan Meeting 〈End of the Year〉,ILCHI ART HALL,2025.12.21 - 2025.12.21,2025-12-02T07:21:04.450758+00:00
현대카드 Curated 102 MUSHVENOM,HYUNDAICARD UNDERSTAGE,2025.12.14 - 2025.12.14,2025-12-02T07:21:04.450758+00:00
Kraftwerk Multimedia Tour in Seoul,Seoul | 명화 라이브홀,2026-05-04T00:00:00Z,2025-12-08T02:35:39.593734+00:00
NUT30 FESTIVAL - Crying Nut Acoustic Concert,KT&G Sangsangmadang Live hall,2025.12.20 - 2025.12.21,2025-12-08T02:35:54.196252+00:00
Music commentary : Talkback #12 ‘다다다(DADADA)’,KT&G 상상마당/시네마,2025.12.15 - 2025.12.15,2025-12-08T02:35:54.196252+00:00
Band ‘CORONA’ Concert ‘The END’,Club onair,2025.12.28 - 2025.12.28,2025-12-08T02:35:54.196252+00:00
2025 TAEHO LIVE CONCERT [Sweet Winter],H-stage,2025.12.25 - 2025.12.25,2025-12-08T02:35:54.196252+00:00
"ONLY-U, JINA-U, FAN MEETING&CONSERT 2025",글로스터호텔 인천점 그랜드볼룸(4F),2025.12.13 - 2025.12.13,2025-12-08T02:35:54.196252+00:00
2026 MONSTA X WORLD TOUR [THE X : NEXUS],KSPO DOME,2026.01.30 - 2026.02.01,2025-12-08T02:35:54.196252+00:00
PIETA Concert ‘My Apocalypse’ : Rolling 31st Anniversary Show,롤링홀/,2026.01.11 - 2026.01.11,2025-12-08T02:35:54.196252+00:00
2026 KUN B-day PARTY [Secret Garden],CG Art Hall,2026.01.02 - 2026.01.02,2025-12-08T02:35:54.196252+00:00
MONDAY PROJECT season 8 [Rosai in Hurry’s solo Concert ‘Adventure Time’],Club onair,2025.12.29 - 2025.12.29,2025-12-08T02:35:54.196252+00:00
MONDAY PROJECT season 8 [ TheyNeverChange’s solo Concert “Beyond the wall”],Prism Hall,2025.12.29 - 2025.12.29,2025-12-08T02:35:54.196252+00:00
NUT30 FESTIVAL - CRYING NUT with NO BRAIN,KT&G Sangsangmadang Livehall，Hongdae,2025.12.24 - 2025.12.24,2025-12-08T02:35:54.196252+00:00
