Platform,Title,Date,Location,Link,TimeScraped
LiveNationHK,yama Asia Tour 2025 虎視眈々,WED 22 OCT,Hong Kong | Macpherson Stadium,https://www.livenation.hk/en/event/yama-asia-tour-2025-%E8%99%8E%E8%A6%96%E7%9C%88%E3%80%85-hong-kong-tickets-edp1606576,12/11/2025 16:11
LiveNationHK,≠ME ASIA TOUR 2025 LIVE in HONG KONG,WED 22 OCT,"Hong Kong | Kitty Woo Stadium, Tung Po",https://www.livenation.hk/en/event/-me-asia-tour-2025-live-in-hong-kong-hong-kong-tickets-edp1622102,12/11/2025 16:11
LiveNationHK,《The Hertz Live In 正常病院 2025》,FRI 31 OCT,Hong Kong | TIDES,https://www.livenation.hk/en/event/-the-hertz-live-in-%E6%AD%A3%E5%B8%B8%E7%97%85%E9%99%A2-2025--hong-kong-tickets-edp1619057,12/11/2025 16:11
LiveNationHK,《The Hertz Live In 正常病院 2025》,SAT 01 NOV,Hong Kong | TIDES,https://www.livenation.hk/en/event/-the-hertz-live-in-%E6%AD%A3%E5%B8%B8%E7%97%85%E9%99%A2-2025--hong-kong-tickets-edp1619089,12/11/2025 16:11
LiveNationHK,CHIHARU TAMASHIRO(KIRORO) LIVE IN HONG KONG 2025,FRI 07 NOV,"Hong Kong | Hong Kong Jockey Club Amphitheatre, HKAPA",https://www.livenation.hk/en/event/chiharu-tamashiro-kiroro-live-in-hong-kong-2025-hong-kong-tickets-edp1626582,12/11/2025 16:11
LiveNationHK,bbno$ : it's pronounced baby no money,THU 13 NOV,Hong Kong | TIDES,https://www.livenation.hk/en/event/bbno-it-s-pronounced-baby-no-money-hong-kong-tickets-edp1621730,12/11/2025 16:11
LiveNationHK,"TENBLANK from ""Glass Heart"" FAN MEETING - ASIA TOUR feat. Takeru Satoh(佐藤 健）",WED 19 NOV,"Hong Kong | AsiaWorld-Expo, Hall 10",https://www.livenation.hk/en/event/tenblank-from-glass-heart-fan-meeting-asia-tour-feat-takeru-satoh-%E4%BD%90%E8%97%A4-%E5%81%A5--hong-kong-tickets-edp1617522,12/11/2025 16:11
LiveNationHK,TWICE <THIS IS FOR> WORLD TOUR IN HONG KONG,SAT 06 DEC,Hong Kong | Kai Tak Stadium,https://www.livenation.hk/en/event/twice-this-is-for-world-tour-in-hong-kong-hong-kong-tickets-edp1619693,12/11/2025 16:11
LiveNationHK,TWICE <THIS IS FOR> WORLD TOUR IN HONG KONG,SUN 07 DEC,Hong Kong | Kai Tak Stadium,https://www.livenation.hk/en/event/twice-this-is-for-world-tour-in-hong-kong-hong-kong-tickets-edp1621711,12/11/2025 16:11
LiveNationHK,Ali Abdaal - How to Make 2026 The Best Year of Your Life,MON 08 DEC,"Hong Kong | Hong Kong Jockey Club Amphitheatre, HKAPA",https://www.livenation.hk/en/event/ali-abdaal-how-to-make-2026-the-best-year-of-your-life-hong-kong-tickets-edp1625852,12/11/2025 16:11
LiveNationHK,Fly By Midnight - The Fastest Time Of Our Lives Tour,TUE 13 JAN,"Hong Kong | Kitty Woo Stadium, Tung Po",https://www.livenation.hk/en/event/fly-by-midnight-the-fastest-time-of-our-lives-tour-hong-kong-tickets-edp1621734,12/11/2025 16:11
LiveNationHK,DAY6 10th Anniversary Tour <The DECADE> in HONG KONG,SAT 17 JAN,Hong Kong | AsiaWorld-Arena,https://www.livenation.hk/en/event/day6-10th-anniversary-tour-the-decade-in-hong-kong-hong-kong-tickets-edp1626774,12/11/2025 16:11
LiveNationHK,BLACKPINK WORLD TOUR <DEADLINE> IN HONG KONG,SAT 24 JAN,Hong Kong | Kai Tak Stadium,https://www.livenation.hk/en/event/blackpink-world-tour-deadline-in-hong-kong-hong-kong-tickets-edp1601705,12/11/2025 16:11
LiveNationHK,BLACKPINK WORLD TOUR <DEADLINE> IN HONG KONG,SUN 25 JAN,Hong Kong | Kai Tak Stadium,https://www.livenation.hk/en/event/blackpink-world-tour-deadline-in-hong-kong-hong-kong-tickets-edp1601721,12/11/2025 16:11
LiveNationHK,BLACKPINK WORLD TOUR <DEADLINE> IN HONG KONG,MON 26 JAN,Hong Kong | Kai Tak Stadium,https://www.livenation.hk/en/event/blackpink-world-tour-deadline-in-hong-kong-hong-kong-tickets-edp1620999,12/11/2025 16:11
LiveNationHK,2025-26 aespa LIVE TOUR - SYNK: aeXIS LINE - in HONG KONG,SAT 07 FEB,Hong Kong | AsiaWorld-Arena,https://www.livenation.hk/en/event/2025-26-aespa-live-tour-synk-aexis-line-in-hong-kong-hong-kong-tickets-edp1620467,12/11/2025 16:11
LiveNationHK,2025-26 aespa LIVE TOUR - SYNK: aeXIS LINE - in HONG KONG,SUN 08 FEB,Hong Kong | AsiaWorld-Arena,https://www.livenation.hk/en/event/2025-26-aespa-live-tour-synk-aexis-line-in-hong-kong-hong-kong-tickets-edp1620483,12/11/2025 16:11
LiveNationHK,"ONEREPUBLIC “From Asia, With Love” 2026",SAT 21 FEB,Hong Kong | AsiaWorld-Arena,https://www.livenation.hk/en/event/onerepublic-from-asia-with-love-2026-hong-kong-tickets-edp1626588,12/11/2025 16:11
HKTicketing,ATTACK ON TITAN - Beyond the Walls World Tour - The Official Concert,Displaying results: 1-3 of 3,HATSUNE MIKU EXPO 2025 in Hong Kong,https://premier.hkticketing.com/shows/show.aspx?sh=ATTAC1125,12/11/2025 16:11
HKTicketing,HK TICKETING - Calum Scott The Avenoir Tour 2026 in Hong Kong,"Date:
Thu 05 Feb 2026 8:00PM","Venue:
Runway 11, AsiaWorld-Expo, Lantau",https://premier.hkticketing.com/shows/show.aspx?sh=CALUM0226,12/11/2025 16:11
HKTicketing,HK TICKETING - HATSUNE MIKU EXPO 2025 in Hong Kong,"Date:
    ---- Select Date ----
       
      Sat 8 Nov 2025 8:00pm - 企位(不設劃位)Free Standing
    
       
      Sat 8 Nov 2025 8:00pm - 指定座位/Marked Seating","Venue:
AsiaWorld-Arena, AsiaWorld-Expo, Lantau",https://premier.hkticketing.com/shows/show.aspx?sh=HATSU1125,12/11/2025 16:11
HKTicketing,HK TICKETING - Disney On Ice presents Magic In the Stars,"Date:
    ---- Select Date ----
       
      Fri 23 Jan 2026 3:30PM
    
       
      Fri 23 Jan 2026 7:30PM
    
       
      Sat 24 Jan 2026 11:30AM
    
       
      Sat 24 Jan 2026 3:30PM
    
       
      Sat 24 Jan 2026 7:30PM
    
       
      Sun 25 Jan 2026 11:30AM
    
       
      Sun 25 Jan 2026 3:30PM
    
       
      Sun 25 Jan 2026 7:30PM","Venue:
Kai Tak Arena, Kai Tak Sports Park, Kowloon",https://premier.hkticketing.com/shows/show.aspx?sh=DISNE0126,12/11/2025 16:11
HKTicketing,TRAVIS SCOTT CIRCUS MAXIMUS 2025 澳门站,· A maximum of 4 tickets can be purchased per Access Code.,"8 Oct 2025 (Wed) from 12:00 PM to 11:59 PM, or until pre-sale tickets are sold out.",https://hkt.hkticketing.com/en/#/allEvents/detail?projectId=50000000795004&noredirect=true,12/11/2025 16:11
LiveNationHK,DAY6 10th Anniversary Tour <The DECADE> in HONG KONG,SUN 18 JAN,DAY6,https://www.livenation.hk/en/event/day6-10th-anniversary-tour-the-decade-in-hong-kong-hong-kong-tickets-edp1630128,12/11/2025 16:11
LiveNationHK,Blue 25th Anniversary Tour,SAT 07 FEB,Blue,https://www.livenation.hk/en/event/blue-25th-anniversary-tour-hong-kong-tickets-edp1630645,12/11/2025 16:11
LiveNationHK,2025-26 TREASURE TOUR [PULSE ON] IN MACAO,FRI 06 MAR,TREASURE,https://www.livenation.hk/en/event/2025-26-treasure-tour-pulse-on-in-macao-macao-tickets-edp1629039,12/11/2025 16:11
LiveNationHK,Acraze in HK,SAT 29 NOV 10:00 PM,Acraze,https://www.livenation.hk/en/event/acraze-in-hk-hong-kong-tickets-edp1633367,12/11/2025 16:11
LiveNationHK,Keinemusik,SUN 05 APR,Keinemusik,https://www.livenation.hk/en/event/keinemusik-hong-kong-tickets-edp1632981,12/11/2025 16:11
