Event Name,Event Venue,Link,Source,ScrapedAtUTC,uid,Event Date,Venue,Scraped At (UTC)
BLUE LIVE IN ASIA,,https://www.livenationtero.co.th/en/event/blue-live-in-asia-bangkok-tickets-edp1613254,,2025-11-17T02:49:31Z,blue live in asia|https://www.livenationtero.co.th/en/event/blue-live-in-asia-bangkok-tickets-edp1613254,23-Nov-25,,12/11/2025 8:56
TV Girl Perform Their Hits Live,,https://www.livenationtero.co.th/en/event/tv-girl-perform-their-hits-live-bangkok-tickets-edp1606725,,2025-11-17T02:49:31Z,tv girl perform their hits live|https://www.livenationtero.co.th/en/event/tv-girl-perform-their-hits-live-bangkok-tickets-edp1606725,1-Dec-25,,12/11/2025 8:57
TWICE <THIS IS FOR> WORLD TOUR IN BANGKOK,,https://www.livenationtero.co.th/en/event/twice-this-is-for-world-tour-in-bangkok-bangkok-tickets-edp1610030,,2025-11-17T02:49:31Z,twice <this is for> world tour in bangkok|https://www.livenationtero.co.th/en/event/twice-this-is-for-world-tour-in-bangkok-bangkok-tickets-edp1610030,13-Dec-25,"🗓️Saturday 13 & Sunday 14 December 2025 📍IMPACT Arena, Bangkok",12/11/2025 8:57
Doja Cat – Ma Vie World Tour,,https://www.livenationtero.co.th/en/event/doja-cat-ma-vie-world-tour-bangkok-tickets-edp1615452,,2025-11-17T02:49:31Z,doja cat – ma vie world tour|https://www.livenationtero.co.th/en/event/doja-cat-ma-vie-world-tour-bangkok-tickets-edp1615452,18-Dec-25,"*Seating, prices, and VIP packages are dropping soon… stay tuned!",12/11/2025 8:57
Brasero Loco - All you can eat Buffet!,Blue Parrot Bkk,https://megatix.in.th/events/brasero-loco?source=home,Megatix TH,2025-11-12T09:05:54Z,brasero loco - all you can eat buffet!|https://megatix.in.th/events/brasero-loco?source=home,,,12/11/2025 9:07
Halfmoon Festival : 13th & 14th December 2025,HalfMoon Festival,https://megatix.in.th/events/halfmoon-festival-13th-14th-december-2025?source=home,Megatix TH,2025-11-12T09:05:54Z,halfmoon festival : 13th & 14th december 2025|https://megatix.in.th/events/halfmoon-festival-13th-14th-december-2025?source=home,,,12/11/2025 9:07
Halfmoon Festival : 27th & 28th December 2025,HalfMoon Festival,https://megatix.in.th/events/halfmoon-festival-27th-28th-december-2025?source=home,Megatix TH,2025-11-12T09:05:54Z,halfmoon festival : 27th & 28th december 2025|https://megatix.in.th/events/halfmoon-festival-27th-28th-december-2025?source=home,,,12/11/2025 9:07
OneWomenFestival,Merkaba,https://megatix.in.th/events/onewomenfestival?source=home,Megatix TH,2025-11-12T09:05:54Z,onewomenfestival|https://megatix.in.th/events/onewomenfestival?source=home,,,12/11/2025 9:07
BALLET SOUNDTRACK SHOW - New Year Program - Bangkok,Phenix Grand Ballroom,https://megatix.in.th/events/ballet-soundtrack-show-new-year-bangkok?source=home,Megatix TH,2025-11-12T09:05:54Z,ballet soundtrack show - new year program - bangkok|https://megatix.in.th/events/ballet-soundtrack-show-new-year-bangkok?source=home,,,12/11/2025 9:07
Ma Chérie - Ladies Night,Pastel Rooftop Bar & Mediterranean Dining,https://megatix.in.th/events/ma-chrie-ladies-night?source=home,Megatix TH,2025-11-12T09:05:54Z,ma chérie - ladies night|https://megatix.in.th/events/ma-chrie-ladies-night?source=home,,,12/11/2025 9:07
Bangkok Rooftop Coffee Party Festival,"Kimpton Maa-Lai Bangkok & The Standard, Bangkok Mahanakhon",https://megatix.in.th/events/bangkok-rooftop-coffee-party-festival?source=home,Megatix TH,2025-11-12T09:05:55Z,bangkok rooftop coffee party festival|https://megatix.in.th/events/bangkok-rooftop-coffee-party-festival?source=home,,,12/11/2025 9:07
O Beach Experience x CLUB SEEN Koh Samui | Every Sunday | January 2026,CLUB SEEN Koh Samui,https://megatix.in.th/events/obeachxclubseenkohsamui?source=home,Megatix TH,2025-11-12T09:05:55Z,o beach experience x club seen koh samui | every sunday | january 2026|https://megatix.in.th/events/obeachxclubseenkohsamui?source=home,,,12/11/2025 9:07
Dos Noches de la Revolución,Havana Social,https://megatix.in.th/events/dos-noches-de-la-revolucin?source=home,Megatix TH,2025-11-12T09:05:55Z,dos noches de la revolución|https://megatix.in.th/events/dos-noches-de-la-revolucin?source=home,,,12/11/2025 9:07
Baccarat Worldwide,BACCARAT Bangkok Davis Hotel,https://megatix.in.th/events/baccarat-world-wide?source=home,Megatix TH,2025-11-12T09:05:55Z,baccarat worldwide|https://megatix.in.th/events/baccarat-world-wide?source=home,,,12/11/2025 9:07
FESTIVE 2025 | MOXY BANGKOK RATCHAPRASONG,Moxy Bangkok Ratchaprasong,https://megatix.in.th/events/moxy-bangkok-ratchaprasong-festive-2025?source=home,Megatix TH,2025-11-12T09:05:55Z,festive 2025 | moxy bangkok ratchaprasong|https://megatix.in.th/events/moxy-bangkok-ratchaprasong-festive-2025?source=home,,,12/11/2025 9:07
Marrakech,Pastel Rooftop Bar & Mediterranean Dining,https://megatix.in.th/events/marrakech?source=home,Megatix TH,2025-11-12T09:05:55Z,marrakech|https://megatix.in.th/events/marrakech?source=home,,,12/11/2025 9:07
COZY at Baccarat Bangkok,BACCARAT Bangkok Davis Hotel,https://megatix.in.th/events/cozy-at-baccarat-bangkok?source=home,Megatix TH,2025-11-12T09:05:56Z,cozy at baccarat bangkok|https://megatix.in.th/events/cozy-at-baccarat-bangkok?source=home,,,12/11/2025 9:07
Escobar KohTao - Mystic Wild 🐅🔥 12.11.25,Escobar,https://megatix.in.th/events/escobar-kohtao-mystic-wild-121125?source=home,Megatix TH,2025-11-12T09:05:56Z,escobar kohtao - mystic wild 🐅🔥 12.11.25|https://megatix.in.th/events/escobar-kohtao-mystic-wild-121125?source=home,,,12/11/2025 9:07
Halfmoon Festival : 13th November 2025,Harmony Beach Club,https://megatix.in.th/events/halfmoon-festival-13th-november-2025?source=home,Megatix TH,2025-11-12T09:05:56Z,halfmoon festival : 13th november 2025|https://megatix.in.th/events/halfmoon-festival-13th-november-2025?source=home,,,12/11/2025 9:07
Afro Thursdays 13th November 🌟,MAMBA,https://megatix.in.th/events/afro-thursday-11th-november?source=home,Megatix TH,2025-11-12T09:05:56Z,afro thursdays 13th november 🌟|https://megatix.in.th/events/afro-thursday-11th-november?source=home,,,12/11/2025 9:07
DJ Hedspin at APT101,APT 101 Club,https://megatix.in.th/events/dj-hedspin-at-apt101?source=home,Megatix TH,2025-11-12T09:05:56Z,dj hedspin at apt101|https://megatix.in.th/events/dj-hedspin-at-apt101?source=home,,,12/11/2025 9:07
SONA @Café del Mar Phuket | 13.11.25,Cafe Del Mar Phuket,https://megatix.in.th/events/sona-cafe-del-mar-phuket-131125?source=home,Megatix TH,2025-11-12T09:05:56Z,sona @café del mar phuket | 13.11.25|https://megatix.in.th/events/sona-cafe-del-mar-phuket-131125?source=home,,,12/11/2025 9:07
Reggae Dub,499/1 Rama III Rd,https://megatix.in.th/events/reggaedub?source=home,Megatix TH,2025-11-12T09:05:56Z,reggae dub|https://megatix.in.th/events/reggaedub?source=home,,,12/11/2025 9:07
Sonic Dreams Psytrance night at Bangkok Island,499/1 Rama III Rd,https://megatix.in.th/events/sonic-dreams-psytrance-night-at-bangkok-island?source=home,Megatix TH,2025-11-12T09:05:57Z,sonic dreams psytrance night at bangkok island|https://megatix.in.th/events/sonic-dreams-psytrance-night-at-bangkok-island?source=home,,,12/11/2025 9:07
"BEST OF BRITISH - Stand-Up Comedy - ROSS MCGRANE AND JAMES BEATTY (BBC, Edinburgh Fringe)!","The Comedy Club Bangkok, above The Royal Oak",https://megatix.in.th/events/best-of-british-stand-up-comedy-ross-mcgrande-and-james-beatty?source=home,Megatix TH,2025-11-12T09:05:57Z,"best of british - stand-up comedy - ross mcgrane and james beatty (bbc, edinburgh fringe)!|https://megatix.in.th/events/best-of-british-stand-up-comedy-ross-mcgrande-and-james-beatty?source=home",,,12/11/2025 9:07
OXA - Jungle Party [14.11.25],Oxa Koh Phangan,https://megatix.in.th/events/oxa-jungle-party-141125?source=home,Megatix TH,2025-11-12T09:05:57Z,oxa - jungle party [14.11.25]|https://megatix.in.th/events/oxa-jungle-party-141125?source=home,,,12/11/2025 9:07
"HARD TECHNO with Zwielicht (Mass London) | SUBWERK Club, by Rave Times - Copy",SUBWERK Club,https://megatix.in.th/events/hard-techno-with-zwielicht-mass-london-subwerk-club-by-rave-times-copy?source=home,Megatix TH,2025-11-12T09:05:57Z,"hard techno with zwielicht (mass london) | subwerk club, by rave times - copy|https://megatix.in.th/events/hard-techno-with-zwielicht-mass-london-subwerk-club-by-rave-times-copy?source=home",,,12/11/2025 9:07
Haflagoa,Moon Beach Pai,https://megatix.in.th/events/haflagoa?source=home,Megatix TH,2025-11-12T09:05:57Z,haflagoa|https://megatix.in.th/events/haflagoa?source=home,,,12/11/2025 9:07
Transport | Chang Chui 2025,Chang Chui,https://megatix.in.th/events/transport-chang-chiu-november-25?source=home,Megatix TH,2025-11-12T09:05:57Z,transport | chang chui 2025|https://megatix.in.th/events/transport-chang-chiu-november-25?source=home,,,12/11/2025 9:07
BLUERAMA SUNSET POOL EXPERIENCE - FREE SHUTTLE SERVICE,Bluerama,https://megatix.in.th/events/sunset-pool-party?source=home,Megatix TH,2025-11-12T09:05:57Z,bluerama sunset pool experience - free shuttle service|https://megatix.in.th/events/sunset-pool-party?source=home,,,12/11/2025 9:07
Vanilla Waves 🛥️🌊 Future Bass - Drum & Bass 2-Stages Event 🌅,Bangkok Island Pier Chong Nonsi,https://megatix.in.th/events/vanilla-waves-future-bass-drum-bass-2-stages-event?source=home,Megatix TH,2025-11-12T09:05:57Z,vanilla waves 🛥️🌊 future bass - drum & bass 2-stages event 🌅|https://megatix.in.th/events/vanilla-waves-future-bass-drum-bass-2-stages-event?source=home,,,12/11/2025 9:07
🔥15 Nov 2025 - POOL PARTY @ AC BAR BEACHCLUB 🔥,AC Beach Club,https://megatix.in.th/events/15nov-2025-pool-party?source=home,Megatix TH,2025-11-12T09:05:58Z,🔥15 nov 2025 - pool party @ ac bar beachclub 🔥|https://megatix.in.th/events/15nov-2025-pool-party?source=home,,,12/11/2025 9:07
IV PLAY BANGKOK VOL 4,The Iron Fairies,https://megatix.in.th/events/iv-play-bangkok-vol-3?source=home,Megatix TH,2025-11-12T09:05:58Z,iv play bangkok vol 4|https://megatix.in.th/events/iv-play-bangkok-vol-3?source=home,,,12/11/2025 9:07
EDM Addicts Takeover EP.28 Presents Moji At ONYX,Onyx Bangkok,https://megatix.in.th/events/edm-addicts-takeover-ep28?source=home,Megatix TH,2025-11-12T09:05:58Z,edm addicts takeover ep.28 presents moji at onyx|https://megatix.in.th/events/edm-addicts-takeover-ep28?source=home,,,12/11/2025 9:07
TWISTED FREQUENCIES @ Illuzion Phuket | SAT 15 NOV 2025,Illuzion Phuket,https://megatix.in.th/events/twisted-frequencies-illuzion-phuket-sat-15-nov-2025?source=home,Megatix TH,2025-11-12T09:05:58Z,twisted frequencies @ illuzion phuket | sat 15 nov 2025|https://megatix.in.th/events/twisted-frequencies-illuzion-phuket-sat-15-nov-2025?source=home,,,12/11/2025 9:07
SWAG,COURAGE | КУРАЖ,https://megatix.in.th/events/swag?source=home,Megatix TH,2025-11-12T09:05:58Z,swag|https://megatix.in.th/events/swag?source=home,,,12/11/2025 9:07
"HARD TECHNO with SCHLASS (Organik) | SUBWERK Club, by Rave Times - Copy",SUBWERK Club,https://megatix.in.th/events/hard-techno-with-schlass-organik-subwerk-club-by-rave-times-copy?source=home,Megatix TH,2025-11-12T09:05:58Z,"hard techno with schlass (organik) | subwerk club, by rave times - copy|https://megatix.in.th/events/hard-techno-with-schlass-organik-subwerk-club-by-rave-times-copy?source=home",,,12/11/2025 9:07
Daydremer at Sunser bar,"Sunset bar, Pai",https://megatix.in.th/events/daydremer-at-sunser-bar?source=home,Megatix TH,2025-11-12T09:05:58Z,daydremer at sunser bar|https://megatix.in.th/events/daydremer-at-sunser-bar?source=home,,,12/11/2025 9:07
Petanque Tournament at Blue Parrot #3,Blue Parrot Bkk,https://megatix.in.th/events/petanque-tournament-at-blue-parrot-3?source=home,Megatix TH,2025-11-12T09:05:59Z,petanque tournament at blue parrot #3|https://megatix.in.th/events/petanque-tournament-at-blue-parrot-3?source=home,,,12/11/2025 9:07
16.11 ВАЛЕРА КИРАКОСЬЯН: СОЛЬНЫЙ СТЕНДАП-КОНЦЕРТ НА ПХУКЕТЕ,POET | BAR & KARAOKE,https://megatix.in.th/events/kirakosyanPHUKET?source=home,Megatix TH,2025-11-12T09:05:59Z,16.11 валера киракосьян: сольный стендап-концерт на пхукете|https://megatix.in.th/events/kirakosyanphuket?source=home,,,12/11/2025 9:07
THE ASHES COMEDY FACE-OFF @ SOI FUNNY COMEDY CLUB,AVVE,https://megatix.in.th/events/the-ashes-comedy-face-off-soi-funny-comedy-club?source=home,Megatix TH,2025-11-12T09:05:59Z,the ashes comedy face-off @ soi funny comedy club|https://megatix.in.th/events/the-ashes-comedy-face-off-soi-funny-comedy-club?source=home,,,12/11/2025 9:07
Afro Sundays 16th November 🌟,MAMBA,https://megatix.in.th/events/afro-sundays-16th-november?source=home,Megatix TH,2025-11-12T09:05:59Z,afro sundays 16th november 🌟|https://megatix.in.th/events/afro-sundays-16th-november?source=home,,,12/11/2025 9:07
Escobar KohTao - Wild Rebellion 🎶🔥 19.11.25,Escobar,https://megatix.in.th/events/escobar-kohtao-wild-rebellion-191125?source=home,Megatix TH,2025-11-12T09:05:59Z,escobar kohtao - wild rebellion 🎶🔥 19.11.25|https://megatix.in.th/events/escobar-kohtao-wild-rebellion-191125?source=home,,,12/11/2025 9:07
Retro Mountain Club Rave Party Underground,LOST IN RETRO MOUNTAIN,https://megatix.in.th/events/retro-mountain-club-rave-party-underground?source=home,Megatix TH,2025-11-12T09:05:59Z,retro mountain club rave party underground|https://megatix.in.th/events/retro-mountain-club-rave-party-underground?source=home,,,12/11/2025 9:07
Ladies Night - Sweet Seduction,Revolucion Cocktail,https://megatix.in.th/events/ladies-night-sweet-seduction2?source=home,Megatix TH,2025-11-12T09:05:59Z,ladies night - sweet seduction|https://megatix.in.th/events/ladies-night-sweet-seduction2?source=home,,,12/11/2025 9:07
Mustache meets APT 101 | Launch Party Night,APT 101 Club,https://megatix.in.th/events/mustache-meets-apt-101-launch-party-night?source=home,Megatix TH,2025-11-12T09:05:59Z,mustache meets apt 101 | launch party night|https://megatix.in.th/events/mustache-meets-apt-101-launch-party-night?source=home,,,12/11/2025 9:07
Pirate Art Island Galleries’ Nights 2025,499/1 Rama III Rd,https://megatix.in.th/events/pirate-art-island-galleries-nights-2025?source=home,Megatix TH,2025-11-12T09:06:00Z,pirate art island galleries’ nights 2025|https://megatix.in.th/events/pirate-art-island-galleries-nights-2025?source=home,,,12/11/2025 9:07
Bingo Night at Blue Parrot #3,Blue Parrot Bkk,https://megatix.in.th/events/bingo-night-at-blue-parrot-3?source=home,Megatix TH,2025-11-12T09:06:00Z,bingo night at blue parrot #3|https://megatix.in.th/events/bingo-night-at-blue-parrot-3?source=home,,,12/11/2025 9:07
Mustache & Mampe Presents NAKADIA AT BOHO PATTAYA,Boho Pattaya,https://megatix.in.th/events/mustache-mampe-presents-nakadia-at-boho-pattaya?source=home,Megatix TH,2025-11-12T09:06:00Z,mustache & mampe presents nakadia at boho pattaya|https://megatix.in.th/events/mustache-mampe-presents-nakadia-at-boho-pattaya?source=home,,,12/11/2025 9:07
Improv Against Humanity - Live Improv Comedy!,"The Comedy Club Bangkok, above The Royal Oak",https://megatix.in.th/events/improv-against-humanity-live-improv-comedy-Nov-2025?source=home,Megatix TH,2025-11-12T09:06:00Z,improv against humanity - live improv comedy!|https://megatix.in.th/events/improv-against-humanity-live-improv-comedy-nov-2025?source=home,,,12/11/2025 9:07
OXA - Jungle Party [21.11.25],Oxa Koh Phangan,https://megatix.in.th/events/oxa-jungle-party-211125?source=home,Megatix TH,2025-11-12T09:06:00Z,oxa - jungle party [21.11.25]|https://megatix.in.th/events/oxa-jungle-party-211125?source=home,,,12/11/2025 9:07
BRODIE NERO @Café del Mar Phuket | 21.11.25,Cafe Del Mar Phuket,https://megatix.in.th/events/brodie-nero-cafe-del-mar-phuket-211125?source=home,Megatix TH,2025-11-12T09:06:00Z,brodie nero @café del mar phuket | 21.11.25|https://megatix.in.th/events/brodie-nero-cafe-del-mar-phuket-211125?source=home,,,12/11/2025 9:07
JAMIE JONES & DAMIAN LAZARUS - SEASON OPENING 2025 @Café del Mar Phuket | 22.11.25,Cafe Del Mar Phuket,https://megatix.in.th/events/caf-del-mar-phuket-season-opening-2025?source=home,Megatix TH,2025-11-12T09:06:00Z,jamie jones & damian lazarus - season opening 2025 @café del mar phuket | 22.11.25|https://megatix.in.th/events/caf-del-mar-phuket-season-opening-2025?source=home,,,12/11/2025 9:07
The Call Of Fira - Anniversary Event,FIRA PHUKET,https://megatix.in.th/events/the-call-of-fira-anniversary-event?source=home,Megatix TH,2025-11-12T09:06:01Z,the call of fira - anniversary event|https://megatix.in.th/events/the-call-of-fira-anniversary-event?source=home,,,12/11/2025 9:07
BANGKOK FETISH BALL 2025 - SIN CITY,The Street Hall - THE STREET RATCHADA,https://megatix.in.th/events/bkkfetishball2025?source=home,Megatix TH,2025-11-12T09:06:01Z,bangkok fetish ball 2025 - sin city|https://megatix.in.th/events/bkkfetishball2025?source=home,,,12/11/2025 9:07
22.11 ЭДУАРД МАЦАБЕРИДЗЕ: СОЛЬНЫЙ СТЕНДАП-КОНЦЕРТ В ПАТТАЙЕ,THE GOLD KARAOKE,https://megatix.in.th/events/macaberidzePATTAYA?source=home,Megatix TH,2025-11-12T09:06:01Z,22.11 эдуард мацаберидзе: сольный стендап-концерт в паттайе|https://megatix.in.th/events/macaberidzepattaya?source=home,,,12/11/2025 9:07
🔥22 Nov 2025 - POOL PARTY @ AC BAR BEACHCLUB 🔥,AC Beach Club,https://megatix.in.th/events/22nov-2025-pool-party?source=home,Megatix TH,2025-11-12T09:06:01Z,🔥22 nov 2025 - pool party @ ac bar beachclub 🔥|https://megatix.in.th/events/22nov-2025-pool-party?source=home,,,12/11/2025 9:07
NO SIGNAL | Underground Techno x Hard Techno | Sat 22.11.25,BLOQ,https://megatix.in.th/events/no-signal-underground-techno-x-hard-techno-sat-2211?source=home,Megatix TH,2025-11-12T09:06:01Z,no signal | underground techno x hard techno | sat 22.11.25|https://megatix.in.th/events/no-signal-underground-techno-x-hard-techno-sat-2211?source=home,,,12/11/2025 9:07
23.11 ЭДУАРД МАЦАБЕРИДЗЕ: СОЛЬНЫЙ СТЕНДАП-КОНЦЕРТ НА ПХУКЕТЕ,POET | BAR & KARAOKE,https://megatix.in.th/events/macaberidzePHUKET?source=home,Megatix TH,2025-11-12T09:06:01Z,23.11 эдуард мацаберидзе: сольный стендап-концерт на пхукете|https://megatix.in.th/events/macaberidzephuket?source=home,,,12/11/2025 9:07
Afro Sundays 23rd November 🌟,MAMBA,https://megatix.in.th/events/afro-sundays-23rd-november?source=home,Megatix TH,2025-11-12T09:06:01Z,afro sundays 23rd november 🌟|https://megatix.in.th/events/afro-sundays-23rd-november?source=home,,,12/11/2025 9:07
Atlantis Foam Pool Party @ Alpha,Alpha Gay Resort & Spa,https://megatix.in.th/events/atlantis-pool-party-alpha?source=home,Megatix TH,2025-11-12T09:06:02Z,atlantis foam pool party @ alpha|https://megatix.in.th/events/atlantis-pool-party-alpha?source=home,,,12/11/2025 9:07
Dolce Vita,Pastel Rooftop Bar & Mediterranean Dining,https://megatix.in.th/events/dolce-vita?source=home,Megatix TH,2025-11-12T09:06:02Z,dolce vita|https://megatix.in.th/events/dolce-vita?source=home,,,12/11/2025 9:07
Escobar KohTao - Feast in the Forest 🌲🔥 26.11.25,Escobar,https://megatix.in.th/events/escobar-kohtao-feast-in-the-forest-261125?source=home,Megatix TH,2025-11-12T09:06:02Z,escobar kohtao - feast in the forest 🌲🔥 26.11.25|https://megatix.in.th/events/escobar-kohtao-feast-in-the-forest-261125?source=home,,,12/11/2025 9:07
Afro Thursdays 27th November 🌟,MAMBA,https://megatix.in.th/events/afro-thursdays-27th-november?source=home,Megatix TH,2025-11-12T09:06:02Z,afro thursdays 27th november 🌟|https://megatix.in.th/events/afro-thursdays-27th-november?source=home,,,12/11/2025 9:07
🔥 EPIC x APT101 — PREMIERE NIGHT 🔥,APT 101 Club,https://megatix.in.th/events/epic-x-apt101-premiere-night?source=home,Megatix TH,2025-11-12T09:06:02Z,🔥 epic x apt101 — premiere night 🔥|https://megatix.in.th/events/epic-x-apt101-premiere-night?source=home,,,12/11/2025 9:07
Pah Kah Mah #3,Revolucion Cocktail,https://megatix.in.th/events/pah-kah-mah-3?source=home,Megatix TH,2025-11-12T09:06:02Z,pah kah mah #3|https://megatix.in.th/events/pah-kah-mah-3?source=home,,,12/11/2025 9:07
BOB SINCLAR @Café del Mar Phuket | 28.11.25,Cafe Del Mar Phuket,https://megatix.in.th/events/bob-sinclar-caf-del-mar-phuket-281125?source=home,Megatix TH,2025-11-12T09:06:02Z,bob sinclar @café del mar phuket | 28.11.25|https://megatix.in.th/events/bob-sinclar-caf-del-mar-phuket-281125?source=home,,,12/11/2025 9:07
MIR: Thai-Russian culture festival,Andamanda Phuket Water Park,https://megatix.in.th/events/mirfestival?source=home,Megatix TH,2025-11-12T09:06:02Z,mir: thai-russian culture festival|https://megatix.in.th/events/mirfestival?source=home,,,12/11/2025 9:07
Halfmoon Festival : 28th November 2025,Harmony Beach Club,https://megatix.in.th/events/halfmoon-festival-28th-november-2025?source=home,Megatix TH,2025-11-12T09:06:03Z,halfmoon festival : 28th november 2025|https://megatix.in.th/events/halfmoon-festival-28th-november-2025?source=home,,,12/11/2025 9:07
Demi Portion Live on Bangkok Island!,499/1 Rama III Rd,https://megatix.in.th/events/demi-portion-live-on-bangkok-island?source=home,Megatix TH,2025-11-12T09:06:03Z,demi portion live on bangkok island!|https://megatix.in.th/events/demi-portion-live-on-bangkok-island?source=home,,,12/11/2025 9:07
28.11 ЭДУАРД МАЦАБЕРИДЗЕ: СОЛЬНЫЙ СТЕНДАП-КОНЦЕРТ НА ПАНГАНЕ,MESTO (NASHE MESTO),https://megatix.in.th/events/macaberidzePHANGAN?source=home,Megatix TH,2025-11-12T09:06:03Z,28.11 эдуард мацаберидзе: сольный стендап-концерт на пангане|https://megatix.in.th/events/macaberidzephangan?source=home,,,12/11/2025 9:07
A CELEBRATION OF FATHER TED with JOE ROONEY (FATHER DAMO) - Live in Bangkok!,"The Comedy Club Bangkok, above The Royal Oak",https://megatix.in.th/events/a-celebration-of-father-ted-with-joe-rooney-father-damo-live-in-bangkok-2025?source=home,Megatix TH,2025-11-12T09:06:03Z,a celebration of father ted with joe rooney (father damo) - live in bangkok!|https://megatix.in.th/events/a-celebration-of-father-ted-with-joe-rooney-father-damo-live-in-bangkok-2025?source=home,,,12/11/2025 9:07
OXA - Jungle Party [28.11.25],Oxa Koh Phangan,https://megatix.in.th/events/oxa-jungle-party-281125?source=home,Megatix TH,2025-11-12T09:06:03Z,oxa - jungle party [28.11.25]|https://megatix.in.th/events/oxa-jungle-party-281125?source=home,,,12/11/2025 9:07
MADTRIBE POOL PARTY 🔴🐲 AFTERPARTY | SAT 29 NOV 2025,"TRIBE SKY BEACH CLUB -5FL, EmSphere",https://megatix.in.th/events/madtribe-sat29nov?source=home,Megatix TH,2025-11-12T09:06:03Z,madtribe pool party 🔴🐲 afterparty | sat 29 nov 2025|https://megatix.in.th/events/madtribe-sat29nov?source=home,,,12/11/2025 9:07
Resonate returns 29 November 2025,499/1 Rama III Rd,https://megatix.in.th/events/resonate-returns-29-november-2025?source=home,Megatix TH,2025-11-12T09:06:03Z,resonate returns 29 november 2025|https://megatix.in.th/events/resonate-returns-29-november-2025?source=home,,,12/11/2025 9:07
SOLARDO 2025 Season Opening,FIRA PHUKET,https://megatix.in.th/events/reopening-season?source=home,Megatix TH,2025-11-12T09:06:04Z,solardo 2025 season opening|https://megatix.in.th/events/reopening-season?source=home,,,12/11/2025 9:07
"Sat 29th Nov Over the Rainbow Rooftop T-dance Party @ Mimi's Bangkok, dusitD2 Samyan - Copy - Copy",dusitD2 Samyan Bangkok,https://megatix.in.th/events/sat-27th-sep-over-the-rainbow-rooftop-t-dance-party-mimis-bangkok-dusitd2-samyan-copy-copy?source=home,Megatix TH,2025-11-12T09:06:04Z,"sat 29th nov over the rainbow rooftop t-dance party @ mimi's bangkok, dusitd2 samyan - copy - copy|https://megatix.in.th/events/sat-27th-sep-over-the-rainbow-rooftop-t-dance-party-mimis-bangkok-dusitd2-samyan-copy-copy?source=home",,,12/11/2025 9:07
MISS ACDC 2025,MCC HALL The Mall Lifestore Bangkae,https://megatix.in.th/events/missacdc-2025?source=home,Megatix TH,2025-11-12T09:06:04Z,miss acdc 2025|https://megatix.in.th/events/missacdc-2025?source=home,,,12/11/2025 9:07
Zakir Khan LIVE,"The Westin Grande Sukhumvit, Bangkok",https://megatix.in.th/events/zakir-khan-live?source=home,Megatix TH,2025-11-12T09:06:04Z,zakir khan live|https://megatix.in.th/events/zakir-khan-live?source=home,,,12/11/2025 9:07
BLUE HAWAII (CA),BLOQ,https://megatix.in.th/events/blue-hawaii-ca?source=home,Megatix TH,2025-11-12T09:06:04Z,blue hawaii (ca)|https://megatix.in.th/events/blue-hawaii-ca?source=home,,,12/11/2025 9:07
FLOYD LAVINE @Café del Mar Phuket | 29.11.25,Cafe Del Mar Phuket,https://megatix.in.th/events/floyd-lavine-caf-del-mar-phuket-291125?source=home,Megatix TH,2025-11-12T09:06:04Z,floyd lavine @café del mar phuket | 29.11.25|https://megatix.in.th/events/floyd-lavine-caf-del-mar-phuket-291125?source=home,,,12/11/2025 9:07
Afro Sundays 30th November 🌟,MAMBA,https://megatix.in.th/events/afro-sundays-30th-november?source=home,Megatix TH,2025-11-12T09:06:04Z,afro sundays 30th november 🌟|https://megatix.in.th/events/afro-sundays-30th-november?source=home,,,12/11/2025 9:07
Escobar KohTao - Clan Night 🏴🔥 30.11.25,Escobar,https://megatix.in.th/events/escobar-kohtao-clan-night-301125?source=home,Megatix TH,2025-11-12T09:06:05Z,escobar kohtao - clan night 🏴🔥 30.11.25|https://megatix.in.th/events/escobar-kohtao-clan-night-301125?source=home,,,12/11/2025 9:07
A CELEBRATION OF FATHER TED with JOE ROONEY (FATHER DAMO) - Live in Hua Hin!,Father Ted's Irish Pub,https://megatix.in.th/events/a-celebration-of-father-ted-with-joe-rooney-father-damo-live-in-hua-hin-2025?source=home,Megatix TH,2025-11-12T09:06:05Z,a celebration of father ted with joe rooney (father damo) - live in hua hin!|https://megatix.in.th/events/a-celebration-of-father-ted-with-joe-rooney-father-damo-live-in-hua-hin-2025?source=home,,,12/11/2025 9:07
Jungle Experience Festival DEC 4th 2025,Jungle Experience,https://megatix.in.th/events/jungle-experience-festival-dec-4th-2025?source=home,Megatix TH,2025-11-12T09:06:05Z,jungle experience festival dec 4th 2025|https://megatix.in.th/events/jungle-experience-festival-dec-4th-2025?source=home,,,12/11/2025 9:07
Koh Samui's Family full moon festival,PI beach club,https://megatix.in.th/events/koh-samuis-family-full-moon-festival?source=home,Megatix TH,2025-11-12T09:06:05Z,koh samui's family full moon festival|https://megatix.in.th/events/koh-samuis-family-full-moon-festival?source=home,,,12/11/2025 9:07
🌕 FULLMOON THAILAND MOUNTAIN PHUKET,Wave Club Phuket,https://megatix.in.th/events/fullmoon-thailand-mountain-phuket?source=home,Megatix TH,2025-11-12T09:06:05Z,🌕 fullmoon thailand mountain phuket|https://megatix.in.th/events/fullmoon-thailand-mountain-phuket?source=home,,,12/11/2025 9:07
MAD STASH WESTIN POOL PARTY 🔴💦 KIRILL SHAPOVALOV | SAT 6 DEC 2025,"The Westin Grande Sukhumvit, Bangkok",https://megatix.in.th/events/madstashwestinpoolparty-sat6dec?source=home,Megatix TH,2025-11-12T09:06:05Z,mad stash westin pool party 🔴💦 kirill shapovalov | sat 6 dec 2025|https://megatix.in.th/events/madstashwestinpoolparty-sat6dec?source=home,,,12/11/2025 9:07
ELEKTRIK BEACH FESTIVAL PHUKET,Coral Island,https://megatix.in.th/events/elektrik-beach?source=home,Megatix TH,2025-11-12T09:06:06Z,elektrik beach festival phuket|https://megatix.in.th/events/elektrik-beach?source=home,,,12/11/2025 9:07
RomRom: PRONG DONG,The Warehouse Talat Noi,https://megatix.in.th/events/romrom-prongdong?source=home,Megatix TH,2025-11-12T09:06:06Z,romrom: prong dong|https://megatix.in.th/events/romrom-prongdong?source=home,,,12/11/2025 9:07
FULL MOON FESTIVAL at Paradise Beach Phuket - 06 DECEMBER 2025,Paradise Beach Patong,https://megatix.in.th/events/full-moon-festival-at-paradise-beach-phuket-06-december-2025?source=home,Megatix TH,2025-11-12T09:06:06Z,full moon festival at paradise beach phuket - 06 december 2025|https://megatix.in.th/events/full-moon-festival-at-paradise-beach-phuket-06-december-2025?source=home,,,12/11/2025 9:07
Escobar KohTao - Jungle of Lights ✨🔥 8.12.25,Escobar,https://megatix.in.th/events/escobar-kohtao-jungle-of-lights-81225?source=home,Megatix TH,2025-11-12T09:06:06Z,escobar kohtao - jungle of lights ✨🔥 8.12.25|https://megatix.in.th/events/escobar-kohtao-jungle-of-lights-81225?source=home,,,12/11/2025 9:07
MOBLACK @Café del Mar Phuket | 10.12.25,Cafe Del Mar Phuket,https://megatix.in.th/events/moblack-cafe-del-mar-101225?source=home,Megatix TH,2025-11-12T09:06:06Z,moblack @café del mar phuket | 10.12.25|https://megatix.in.th/events/moblack-cafe-del-mar-101225?source=home,,,12/11/2025 9:07
Standard Sounds presents Magic Room,"The Standard, Bangkok Mahanakhon",https://megatix.in.th/events/the-standard-presents-magic-room-2025?source=home,Megatix TH,2025-11-12T09:06:06Z,standard sounds presents magic room|https://megatix.in.th/events/the-standard-presents-magic-room-2025?source=home,,,12/11/2025 9:07
OXA - Jungle Party [12.12.25],Oxa Koh Phangan,https://megatix.in.th/events/oxa-jungle-party-121225?source=home,Megatix TH,2025-11-12T09:06:06Z,oxa - jungle party [12.12.25]|https://megatix.in.th/events/oxa-jungle-party-121225?source=home,,,12/11/2025 9:07
Escobar KohTao - Jungle Smash 🔥 12.12.25,Escobar,https://megatix.in.th/events/escobar-kohtao-jungle-smash-121225?source=home,Megatix TH,2025-11-12T09:06:07Z,escobar kohtao - jungle smash 🔥 12.12.25|https://megatix.in.th/events/escobar-kohtao-jungle-smash-121225?source=home,,,12/11/2025 9:07
Senses 5 - The Sexiest Sensory Experience,To The Moon Chiang Mai,https://megatix.in.th/events/senses-5-the-sexiest-sensory-experience?source=home,Megatix TH,2025-11-12T09:06:07Z,senses 5 - the sexiest sensory experience|https://megatix.in.th/events/senses-5-the-sexiest-sensory-experience?source=home,,,12/11/2025 9:07
Escobar KohTao - Jungle Rave 🔥 16.12.25,Escobar,https://megatix.in.th/events/escobar-kohtao-jungle-rave-161225?source=home,Megatix TH,2025-11-12T09:06:07Z,escobar kohtao - jungle rave 🔥 16.12.25|https://megatix.in.th/events/escobar-kohtao-jungle-rave-161225?source=home,,,12/11/2025 9:07
HUGEL @Café del Mar Phuket | 17.12.25,Cafe Del Mar Phuket,https://megatix.in.th/events/hugel-cafe-del-mar-phuket-171225?source=home,Megatix TH,2025-11-12T09:06:07Z,hugel @café del mar phuket | 17.12.25|https://megatix.in.th/events/hugel-cafe-del-mar-phuket-171225?source=home,,,12/11/2025 9:07
Sniper,499/1 Rama III Rd,https://megatix.in.th/events/sniper?source=home,Megatix TH,2025-11-12T09:06:07Z,sniper|https://megatix.in.th/events/sniper?source=home,,,12/11/2025 9:07
OXA - Jungle Party [19.12.25],Oxa Koh Phangan,https://megatix.in.th/events/oxa-jungle-party-191225?source=home,Megatix TH,2025-11-12T09:06:07Z,oxa - jungle party [19.12.25]|https://megatix.in.th/events/oxa-jungle-party-191225?source=home,,,12/11/2025 9:07
Season opener @79 Beach Club Samui featuring Johnathon Ulysses,79 Beach Club Samui,https://megatix.in.th/events/season-opener-79-beach-club-samui-featuring-johnathon-ulysses?source=home,Megatix TH,2025-11-12T09:06:07Z,season opener @79 beach club samui featuring johnathon ulysses|https://megatix.in.th/events/season-opener-79-beach-club-samui-featuring-johnathon-ulysses?source=home,,,12/11/2025 9:07
Kolour Feat. HUGEL,Legend Siam Pattaya,https://megatix.in.th/events/kolour-legend?source=home,Megatix TH,2025-11-12T09:06:07Z,kolour feat. hugel|https://megatix.in.th/events/kolour-legend?source=home,,,12/11/2025 9:07
House Your Weekend,Best Western Plus Carapace Hotel Hua Hin,https://megatix.in.th/events/house-your-weekend2?source=home,Megatix TH,2025-11-12T09:06:08Z,house your weekend|https://megatix.in.th/events/house-your-weekend2?source=home,,,12/11/2025 9:07
Ваня Усович: Сольный Стендап Концерт в Бангкоке - E88 BANGKOK,E88 BANGKOK,https://megatix.in.th/events/UsovichBkk?source=home,Megatix TH,2025-11-12T09:06:08Z,ваня усович: сольный стендап концерт в бангкоке - e88 bangkok|https://megatix.in.th/events/usovichbkk?source=home,,,12/11/2025 9:07
Escobar KohTao - Midnight Pulse🌌🌴 20.12.25,Escobar,https://megatix.in.th/events/escobar-kohtao-midnight-pulse-201225?source=home,Megatix TH,2025-11-12T09:06:08Z,escobar kohtao - midnight pulse🌌🌴 20.12.25|https://megatix.in.th/events/escobar-kohtao-midnight-pulse-201225?source=home,,,12/11/2025 9:07
Ваня Усович: Сольный Стендап Концерт в Паттайе,Grand Palazzo Hotel Pattaya,https://megatix.in.th/events/Usovich2012?source=home,Megatix TH,2025-11-12T09:06:08Z,ваня усович: сольный стендап концерт в паттайе|https://megatix.in.th/events/usovich2012?source=home,,,12/11/2025 9:07
Escobar KohTao - Santa's Jungle🎄🔥 24.12.25,Escobar,https://megatix.in.th/events/escobar-kohtao-santas-jungle-241225?source=home,Megatix TH,2025-11-12T09:06:08Z,escobar kohtao - santa's jungle🎄🔥 24.12.25|https://megatix.in.th/events/escobar-kohtao-santas-jungle-241225?source=home,,,12/11/2025 9:07
CHRISTMAS BRUNCH | 25 DEC 2025,CLUB SEEN Koh Samui,https://megatix.in.th/events/christmas-brunch-25-dec-2025?source=home,Megatix TH,2025-11-12T09:06:08Z,christmas brunch | 25 dec 2025|https://megatix.in.th/events/christmas-brunch-25-dec-2025?source=home,,,12/11/2025 9:07
"𝔻𝕒𝕟𝕟𝕪 ℝ𝕒𝕞𝕡𝕝𝕚𝕟𝕘 𝕒𝕥 ℂℍ𝕀 𝕊𝕒𝕞𝕦𝕚, ℂ𝕙𝕣𝕚𝕤𝕥𝕞𝕒𝕤 𝔻𝕒𝕪, 𝟚𝟝-𝟙𝟚-𝟚𝟘𝟚𝟝",Chi Samui Beach Club,https://megatix.in.th/events/danny-rampling-chisamui-christmas-day-2025?source=home,Megatix TH,2025-11-12T09:06:08Z,"𝔻𝕒𝕟𝕟𝕪 ℝ𝕒𝕞𝕡𝕝𝕚𝕟𝕘 𝕒𝕥 ℂℍ𝕀 𝕊𝕒𝕞𝕦𝕚, ℂ𝕙𝕣𝕚𝕤𝕥𝕞𝕒𝕤 𝔻𝕒𝕪, 𝟚𝟝-𝟙𝟚-𝟚𝟘𝟚𝟝|https://megatix.in.th/events/danny-rampling-chisamui-christmas-day-2025?source=home",,,12/11/2025 9:07
OXA - Jungle Party [25.12.25] X-Mas Special,Oxa Koh Phangan,https://megatix.in.th/events/oxa-jungle-party-251225-x-mas-special?source=home,Megatix TH,2025-11-12T09:06:08Z,oxa - jungle party [25.12.25] x-mas special|https://megatix.in.th/events/oxa-jungle-party-251225-x-mas-special?source=home,,,12/11/2025 9:07
X'MAS After Dark Party | LOVRA 25 DEC 2025,CLUB SEEN Koh Samui,https://megatix.in.th/events/xmas-after-dark-party-lovra?source=home,Megatix TH,2025-11-12T09:06:09Z,x'mas after dark party | lovra 25 dec 2025|https://megatix.in.th/events/xmas-after-dark-party-lovra?source=home,,,12/11/2025 9:07
Season Opening | MISS MONIQUE 26 DEC 2025,CLUB SEEN Koh Samui,https://megatix.in.th/events/season-opening-miss-monique-26-dec-2025?source=home,Megatix TH,2025-11-12T09:06:09Z,season opening | miss monique 26 dec 2025|https://megatix.in.th/events/season-opening-miss-monique-26-dec-2025?source=home,,,12/11/2025 9:07
"December 26th, 2025 Grand Opening of Hii Festival Koh Tao",Hii Festival koh tao,https://megatix.in.th/events/december-26th-2025-grand-opening-of-hii-festival-koh-tao?source=home,Megatix TH,2025-11-12T09:06:09Z,"december 26th, 2025 grand opening of hii festival koh tao|https://megatix.in.th/events/december-26th-2025-grand-opening-of-hii-festival-koh-tao?source=home",,,12/11/2025 9:07
79 Beach Club Featuring Nicola Vega,79 Beach Club Samui,https://megatix.in.th/events/beach-club-featuring-nicola-vega?source=home,Megatix TH,2025-11-12T09:06:09Z,79 beach club featuring nicola vega|https://megatix.in.th/events/beach-club-featuring-nicola-vega?source=home,,,12/11/2025 9:07
Season Opening Weekend | KÖLSCH 27 DEC 2025,CLUB SEEN Koh Samui,https://megatix.in.th/events/kolsch-27-dec-2025?source=home,Megatix TH,2025-11-12T09:06:09Z,season opening weekend | kölsch 27 dec 2025|https://megatix.in.th/events/kolsch-27-dec-2025?source=home,,,12/11/2025 9:07
"Sat 27th Dec Over the Rainbow Rooftop T-dance Party @ Mimi's Bangkok, dusitD2 Samyan - Copy - Copy - Copy",dusitD2 Samyan Bangkok,https://megatix.in.th/events/sat-27th-sep-over-the-rainbow-rooftop-t-dance-party-mimis-bangkok-dusitd2-samyan-copy-copy-copy?source=home,Megatix TH,2025-11-12T09:06:09Z,"sat 27th dec over the rainbow rooftop t-dance party @ mimi's bangkok, dusitd2 samyan - copy - copy - copy|https://megatix.in.th/events/sat-27th-sep-over-the-rainbow-rooftop-t-dance-party-mimis-bangkok-dusitd2-samyan-copy-copy-copy?source=home",,,12/11/2025 9:07
The Standard & MAD STASH Present MAD BERLIN,"The Standard, Bangkok Mahanakhon",https://megatix.in.th/events/thestandard-madstash-madberlin?source=home,Megatix TH,2025-11-12T09:06:09Z,the standard & mad stash present mad berlin|https://megatix.in.th/events/thestandard-madstash-madberlin?source=home,,,12/11/2025 9:07
Fly To The Moon 2025,Koh Mak Island,https://megatix.in.th/events/fly-to-the-moon-2025?source=home,Megatix TH,2025-11-12T09:06:09Z,fly to the moon 2025|https://megatix.in.th/events/fly-to-the-moon-2025?source=home,,,12/11/2025 9:07
OXA - Jungle Party [29.12.25],Oxa Koh Phangan,https://megatix.in.th/events/oxa-jungle-party-291225?source=home,Megatix TH,2025-11-12T09:06:10Z,oxa - jungle party [29.12.25]|https://megatix.in.th/events/oxa-jungle-party-291225?source=home,,,12/11/2025 9:07
𝘾𝙚𝙡𝙚𝙗𝙧𝙖𝙩𝙚 𝙉𝙚𝙬 𝙔𝙚𝙖𝙧’𝙨 𝙀𝙫𝙚 𝙊𝙪𝙩𝙙𝙤𝙤𝙧 𝙋𝙤𝙤𝙡 𝙏𝙚𝙧𝙧𝙖𝙘𝙚 𝙋𝙖𝙘𝙠𝙖𝙜𝙚,Hilton Garden Inn Bangkok Riverside (Together & Co),https://megatix.in.th/events/hiltongardeninnbangkokriverside?source=home,Megatix TH,2025-11-12T09:06:10Z,𝘾𝙚𝙡𝙚𝙗𝙧𝙖𝙩𝙚 𝙉𝙚𝙬 𝙔𝙚𝙖𝙧’𝙨 𝙀𝙫𝙚 𝙊𝙪𝙩𝙙𝙤𝙤𝙧 𝙋𝙤𝙤𝙡 𝙏𝙚𝙧𝙧𝙖𝙘𝙚 𝙋𝙖𝙘𝙠𝙖𝙜𝙚|https://megatix.in.th/events/hiltongardeninnbangkokriverside?source=home,,,12/11/2025 9:07
BEACH CLUB NYE,Bangkok Island,https://megatix.in.th/events/beach-club-nye?source=home,Megatix TH,2025-11-12T09:06:10Z,beach club nye|https://megatix.in.th/events/beach-club-nye?source=home,,,12/11/2025 9:07
PASTEL NEW YEAR'S EVE 2026,Pastel Rooftop Bar & Mediterranean Dining,https://megatix.in.th/events/new-years-eve-2026?source=home,Megatix TH,2025-11-12T09:06:10Z,pastel new year's eve 2026|https://megatix.in.th/events/new-years-eve-2026?source=home,,,12/11/2025 9:07
New Year's Eve Buffet - Mövenpick Suriwongse Hotel Chiang Mai 2025,Mövenpick Suriwongse Hotel Chiang Mai,https://megatix.in.th/events/newyearsevebuffet2025?source=home,Megatix TH,2025-11-12T09:06:10Z,new year's eve buffet - mövenpick suriwongse hotel chiang mai 2025|https://megatix.in.th/events/newyearsevebuffet2025?source=home,,,12/11/2025 9:07
Cowboy Spirits & Midnight Cheers New Year’s Eve,Sirimahannop - The Heritage,https://megatix.in.th/events/cowboy-spirits-midnight-cheers-new-years-eve?source=home,Megatix TH,2025-11-12T09:06:10Z,cowboy spirits & midnight cheers new year’s eve|https://megatix.in.th/events/cowboy-spirits-midnight-cheers-new-years-eve?source=home,,,12/11/2025 9:07
New Year Gala Dinner 2026 – Hotel Clover Patong Phuket,Hotel Clover Patong,https://megatix.in.th/events/new-year-gala-dinner-2026-hotel-clover-patong-phuket?source=home,Megatix TH,2025-11-12T09:06:10Z,new year gala dinner 2026 – hotel clover patong phuket|https://megatix.in.th/events/new-year-gala-dinner-2026-hotel-clover-patong-phuket?source=home,,,12/11/2025 9:07
Rooftop New Year Party 2026 at Amara Bangkok,Amara Bangkok,https://megatix.in.th/events/rooftop-new-year-party-2026-at-amara-bangkok?source=home,Megatix TH,2025-11-12T09:06:10Z,rooftop new year party 2026 at amara bangkok|https://megatix.in.th/events/rooftop-new-year-party-2026-at-amara-bangkok?source=home,,,12/11/2025 9:07
2026 NYE - FULL MOON FESTIVAL at Paradise Beach Phuket - 31 DECEMBER,Paradise Beach Patong,https://megatix.in.th/events/nye-full-moon-festival-at-paradise-beach-phuket-31-december?source=home,Megatix TH,2025-11-12T09:06:11Z,2026 nye - full moon festival at paradise beach phuket - 31 december|https://megatix.in.th/events/nye-full-moon-festival-at-paradise-beach-phuket-31-december?source=home,,,12/11/2025 9:07
New Years Eve@79 Beach Club Samui,79 Beach Club Samui,https://megatix.in.th/events/new-years-eve79-beach-club-samui?source=home,Megatix TH,2025-11-12T09:06:11Z,new years eve@79 beach club samui|https://megatix.in.th/events/new-years-eve79-beach-club-samui?source=home,,,12/11/2025 9:07
Clockwork Orange X Chi Samui New Year's Eve 2025,Chi Samui Beach Club,https://megatix.in.th/events/clockwork-orange-vs-chi-samui-new-years-eve-2025?source=home,Megatix TH,2025-11-12T09:06:11Z,clockwork orange x chi samui new year's eve 2025|https://megatix.in.th/events/clockwork-orange-vs-chi-samui-new-years-eve-2025?source=home,,,12/11/2025 9:07
New Year's Eve | TONY ROMERA & MELVO BAPTISTE 31 DEC 2025,CLUB SEEN Koh Samui,https://megatix.in.th/events/nye-tony-melvo?source=home,Megatix TH,2025-11-12T09:06:11Z,new year's eve | tony romera & melvo baptiste 31 dec 2025|https://megatix.in.th/events/nye-tony-melvo?source=home,,,12/11/2025 9:07
Japan Twilight Celebration Countdown,"The Crystal Grill House, Asiatique The Riverfront",https://megatix.in.th/events/japan-twilight-celebration-countdown?source=home,Megatix TH,2025-11-12T09:06:11Z,japan twilight celebration countdown|https://megatix.in.th/events/japan-twilight-celebration-countdown?source=home,,,12/11/2025 9:07
MIDNIGHT BLOOM — NYE COUNTDOWN GATHERING,Gaysorn Urban Resort,https://megatix.in.th/events/midnight-bloom-nye-countdown-gathering?source=home,Megatix TH,2025-11-12T09:06:11Z,midnight bloom — nye countdown gathering|https://megatix.in.th/events/midnight-bloom-nye-countdown-gathering?source=home,,,12/11/2025 9:07
Moonlight New Year’s Eve Party @RedSquare,RedSquare Rooftop Bar,https://megatix.in.th/events/moonlight-new-years-eve-party-redsquare?source=home,Megatix TH,2025-11-12T09:06:11Z,moonlight new year’s eve party @redsquare|https://megatix.in.th/events/moonlight-new-years-eve-party-redsquare?source=home,,,12/11/2025 9:07
Early Bird | Nobu Bangkok | New Year's Eve Starlit Celebration,Nobu Bangkok,https://megatix.in.th/events/nobu-bangkok-new-years-eve-celebration?source=home,Megatix TH,2025-11-12T09:06:12Z,early bird | nobu bangkok | new year's eve starlit celebration|https://megatix.in.th/events/nobu-bangkok-new-years-eve-celebration?source=home,,,12/11/2025 9:07
NYE ON TOP: NEW YEAR'S EVE EDITION WITH DICKY TRISCO & SEELIE,"The Standard, Bangkok Mahanakhon",https://megatix.in.th/events/new-years-eve-party-2025-at-skybeach?source=home,Megatix TH,2025-11-12T09:06:12Z,nye on top: new year's eve edition with dicky trisco & seelie|https://megatix.in.th/events/new-years-eve-party-2025-at-skybeach?source=home,,,12/11/2025 9:07
Primal Roar Countdown Party 2026 - ABar Rooftop,ABar Rooftop,https://megatix.in.th/events/primal-roar-nye-countdown-party-2026-abar-rooftop?source=home,Megatix TH,2025-11-12T09:06:12Z,primal roar countdown party 2026 - abar rooftop|https://megatix.in.th/events/primal-roar-nye-countdown-party-2026-abar-rooftop?source=home,,,12/11/2025 9:07
NYE: Eternity @ Café del Mar Phuket | 31.12.25,Cafe Del Mar Phuket,https://megatix.in.th/events/new-year-eve-2026?source=home,Megatix TH,2025-11-12T09:06:12Z,nye: eternity @ café del mar phuket | 31.12.25|https://megatix.in.th/events/new-year-eve-2026?source=home,,,12/11/2025 9:07
11.11 Flash Sales I Primal Roar NYE Countdown Party 2026,ABar Rooftop,https://megatix.in.th/events/primal-roar-nye-countdown-party-2026-flash-sales?source=home,Megatix TH,2025-11-12T09:06:12Z,11.11 flash sales i primal roar nye countdown party 2026|https://megatix.in.th/events/primal-roar-nye-countdown-party-2026-flash-sales?source=home,,,12/11/2025 9:07
Escobar KohTao - Jungle Countdown 🎆🔥 31.12.25,Escobar,https://megatix.in.th/events/escobar-kohtao-jungle-countdown-311225?source=home,Megatix TH,2025-11-12T09:06:12Z,escobar kohtao - jungle countdown 🎆🔥 31.12.25|https://megatix.in.th/events/escobar-kohtao-jungle-countdown-311225?source=home,,,12/11/2025 9:07
WOOBAR NYE COUNTDOWN - W Koh Samui,Woobar,https://megatix.in.th/events/woobar-nye-countdown2025?source=home,Megatix TH,2025-11-12T09:06:12Z,woobar nye countdown - w koh samui|https://megatix.in.th/events/woobar-nye-countdown2025?source=home,,,12/11/2025 9:07
DJEFF | 1 JAN 2026,CLUB SEEN Koh Samui,https://megatix.in.th/events/djeff-1-jan-2026?source=home,Megatix TH,2025-11-12T09:06:12Z,djeff | 1 jan 2026|https://megatix.in.th/events/djeff-1-jan-2026?source=home,,,12/11/2025 9:07
DEFECTED | 2 JAN 2026,CLUB SEEN Koh Samui,https://megatix.in.th/events/defected-clubseenkohsamui?source=home,Megatix TH,2025-11-12T09:06:13Z,defected | 2 jan 2026|https://megatix.in.th/events/defected-clubseenkohsamui?source=home,,,12/11/2025 9:07
Jungle Experience Festival Jan 2nd 2026,Jungle Experience,https://megatix.in.th/events/jungle-experience-festival-jan-2nd-2026?source=home,Megatix TH,2025-11-12T09:06:13Z,jungle experience festival jan 2nd 2026|https://megatix.in.th/events/jungle-experience-festival-jan-2nd-2026?source=home,,,12/11/2025 9:07
79 Beach Club presents Mark Hese January 3,79 Beach Club Samui,https://megatix.in.th/events/beach-club-presents-mark-hese-january-3?source=home,Megatix TH,2025-11-12T09:06:13Z,79 beach club presents mark hese january 3|https://megatix.in.th/events/beach-club-presents-mark-hese-january-3?source=home,,,12/11/2025 9:07
DEFECTED PHUKET @ ILLUZION PHUKET - 03 JANUARY 2026,Illuzion Phuket,https://megatix.in.th/events/defected-phuket-illuzion-phuket-03-january-2026?source=home,Megatix TH,2025-11-12T09:06:13Z,defected phuket @ illuzion phuket - 03 january 2026|https://megatix.in.th/events/defected-phuket-illuzion-phuket-03-january-2026?source=home,,,12/11/2025 9:07
Nurlan Saburov,Royal Phuket City Hotel,https://megatix.in.th/events/nurlan-saburov?source=home,Megatix TH,2025-11-12T09:06:13Z,nurlan saburov|https://megatix.in.th/events/nurlan-saburov?source=home,,,12/11/2025 9:07
CARL COX @Café del Mar Phuket | 08.01.26,Cafe Del Mar Phuket,https://megatix.in.th/events/carl-cox-cafe-del-mar-phuket-january-08-2026?source=home,Megatix TH,2025-11-12T09:06:13Z,carl cox @café del mar phuket | 08.01.26|https://megatix.in.th/events/carl-cox-cafe-del-mar-phuket-january-08-2026?source=home,,,12/11/2025 9:07
OXA - Jungle Party [09.01.26],Oxa Koh Phangan,https://megatix.in.th/events/oxa-jungle-party-090126?source=home,Megatix TH,2025-11-12T09:06:13Z,oxa - jungle party [09.01.26]|https://megatix.in.th/events/oxa-jungle-party-090126?source=home,,,12/11/2025 9:07
Sanook Saturday January 10,79 Beach Club Samui,https://megatix.in.th/events/sanook-saturday-january-10?source=home,Megatix TH,2025-11-12T09:06:14Z,sanook saturday january 10|https://megatix.in.th/events/sanook-saturday-january-10?source=home,,,12/11/2025 9:07
MARCO CAROLA & ILARIO ALICANTE @Café del Mar Phuket | 14.01.26,Cafe Del Mar Phuket,https://megatix.in.th/events/marco-carola-ilario-alicante-cafe-del-mar-phuket-140126?source=home,Megatix TH,2025-11-12T09:06:14Z,marco carola & ilario alicante @café del mar phuket | 14.01.26|https://megatix.in.th/events/marco-carola-ilario-alicante-cafe-del-mar-phuket-140126?source=home,,,12/11/2025 9:07
OXA - Jungle Party [16.01.26],Oxa Koh Phangan,https://megatix.in.th/events/oxa-jungle-party-160126?source=home,Megatix TH,2025-11-12T09:06:14Z,oxa - jungle party [16.01.26]|https://megatix.in.th/events/oxa-jungle-party-160126?source=home,,,12/11/2025 9:07
Folamour | 17 Jan 2026,CLUB SEEN Koh Samui,https://megatix.in.th/events/folamour-17-jan-2026?source=home,Megatix TH,2025-11-12T09:06:14Z,folamour | 17 jan 2026|https://megatix.in.th/events/folamour-17-jan-2026?source=home,,,12/11/2025 9:07
การประกวดนางสาวไทยขอนแก่น - กรุงเทพมหานคร,"ขอนแก่นฮอลล์ ชั้น5 , เซ็นทรัลขอนแก่น",https://megatix.in.th/events/Finalmissthailandkhonkaen?source=home,Megatix TH,2025-11-12T09:06:14Z,การประกวดนางสาวไทยขอนแก่น - กรุงเทพมหานคร|https://megatix.in.th/events/finalmissthailandkhonkaen?source=home,,,12/11/2025 9:07
FOLAMOUR @Café del Mar Phuket | 18.01.26,Cafe Del Mar Phuket,https://megatix.in.th/events/folamour-cafe-del-mar-phuket-180126?source=home,Megatix TH,2025-11-12T09:06:14Z,folamour @café del mar phuket | 18.01.26|https://megatix.in.th/events/folamour-cafe-del-mar-phuket-180126?source=home,,,12/11/2025 9:07
Namaste Ibiza meets Koh Phangan 2026,Retro Mountain Koh Phangan,https://megatix.in.th/events/namaste-koh-phangan?source=home,Megatix TH,2025-11-12T09:06:14Z,namaste ibiza meets koh phangan 2026|https://megatix.in.th/events/namaste-koh-phangan?source=home,,,12/11/2025 9:07
OXA - Jungle Party [23.01.26],Oxa Koh Phangan,https://megatix.in.th/events/oxa-jungle-party-230126?source=home,Megatix TH,2025-11-12T09:06:14Z,oxa - jungle party [23.01.26]|https://megatix.in.th/events/oxa-jungle-party-230126?source=home,,,12/11/2025 9:07
AIWASKA | 24 JAN 2026,CLUB SEEN Koh Samui,https://megatix.in.th/events/aiwaska-24-jan-2026?source=home,Megatix TH,2025-11-12T09:06:15Z,aiwaska | 24 jan 2026|https://megatix.in.th/events/aiwaska-24-jan-2026?source=home,,,12/11/2025 9:07
GLITTERBOX @ ILLUZION PHUKET - FRI 30 JAN 2026,Illuzion Phuket,https://megatix.in.th/events/glitterbox-illuzion-phuket?source=home,Megatix TH,2025-11-12T09:06:15Z,glitterbox @ illuzion phuket - fri 30 jan 2026|https://megatix.in.th/events/glitterbox-illuzion-phuket?source=home,,,12/11/2025 9:07
Glitterbox Australasia Tour 2026,CLUB SEEN Koh Samui,https://megatix.in.th/events/glitterbox-Australasia-Tour-at-Koh-samui-club-seen?source=home,Megatix TH,2025-11-12T09:06:15Z,glitterbox australasia tour 2026|https://megatix.in.th/events/glitterbox-australasia-tour-at-koh-samui-club-seen?source=home,,,12/11/2025 9:07
The Drama King Tour - Gianmarco Soresi,Lido Connect Hall 2,https://megatix.in.th/events/the-drama-king-tour-gianmarco-soresi?source=home,Megatix TH,2025-11-12T09:06:15Z,the drama king tour - gianmarco soresi|https://megatix.in.th/events/the-drama-king-tour-gianmarco-soresi?source=home,,,12/11/2025 9:07
Kolour Hua Hin 2025,"The Standard, Hua Hin",https://megatix.in.th/events/kolour-WILD25?source=home,Megatix TH,2025-11-12T09:06:15Z,kolour hua hin 2025|https://megatix.in.th/events/kolour-wild25?source=home,,,12/11/2025 9:07
VIP Tables : Kolour Hua Hin 2025,"The Standard, Hua Hin",https://megatix.in.th/events/vip-tables-kolour-hua-hin-2025?source=home,Megatix TH,2025-11-12T09:06:15Z,vip tables : kolour hua hin 2025|https://megatix.in.th/events/vip-tables-kolour-hua-hin-2025?source=home,,,12/11/2025 9:07
Thantawan Festival 2026 The Groovy Bloom,Pangfan Rock n' River,https://megatix.in.th/events/thantawan-festival-2026-the-groovy-bloom?source=home,Megatix TH,2025-11-12T09:06:15Z,thantawan festival 2026 the groovy bloom|https://megatix.in.th/events/thantawan-festival-2026-the-groovy-bloom?source=home,,,12/11/2025 9:07
My Chemical Romance - South East Asia Tour,IMPACT Challenger Hall,https://megatix.in.th/events/my-chemical-romance?source=home,Megatix TH,2025-11-12T09:06:15Z,my chemical romance - south east asia tour|https://megatix.in.th/events/my-chemical-romance?source=home,,,12/11/2025 9:07
Moonbeach party,Pai Moon Beach,https://megatix.in.th/events/moonbeach-partu?source=home,Megatix TH,2025-11-17T02:49:03Z,moonbeach party|https://megatix.in.th/events/moonbeach-partu?source=home,,,2/12/2025 7:08
Leo Beach Music Festival 17.11,Koh Tao,https://megatix.in.th/events/lbmf1711?source=home,Megatix TH,2025-11-17T02:49:03Z,leo beach music festival 17.11|https://megatix.in.th/events/lbmf1711?source=home,,,2/12/2025 7:08
Pablo Fierro | Maya Beach Club Phuket | 22.11.25,Maya Beach Club Phuket,https://megatix.in.th/events/pablo-fierro?source=home,Megatix TH,2025-11-17T02:49:05Z,pablo fierro | maya beach club phuket | 22.11.25|https://megatix.in.th/events/pablo-fierro?source=home,,,2/12/2025 7:08
OFFICIAL ROAD TO EDC THAILAND WITH KAAZE @ ILLUZION PHUKET | SAT 22 NOV,Illuzion Phuket,https://megatix.in.th/events/official-road-to-edc-thailand-with-kaaze-illuzion-phuket-sat-22-nov?source=home,Megatix TH,2025-11-17T02:49:06Z,official road to edc thailand with kaaze @ illuzion phuket | sat 22 nov|https://megatix.in.th/events/official-road-to-edc-thailand-with-kaaze-illuzion-phuket-sat-22-nov?source=home,,,2/12/2025 7:08
SECRET JUNGLE KOH TAO PARTY - 2 DECEMBER,Karma bar,https://megatix.in.th/events/secret-jungle-koh-tao-party-2-december?source=home,Megatix TH,2025-11-17T02:49:11Z,secret jungle koh tao party - 2 december|https://megatix.in.th/events/secret-jungle-koh-tao-party-2-december?source=home,,,2/12/2025 7:08
SECRET JUNGLE KOH TAO PARTY - 9 DECEMBER,Karma bar,https://megatix.in.th/events/secret-jungle-koh-tao-party-9-december?source=home,Megatix TH,2025-11-17T02:49:13Z,secret jungle koh tao party - 9 december|https://megatix.in.th/events/secret-jungle-koh-tao-party-9-december?source=home,,,2/12/2025 7:08
SECRET JUNGLE KOH TAO PARTY - 18 DECEMBER,Karma bar,https://megatix.in.th/events/secret-jungle-koh-tao-party-18-december?source=home,Megatix TH,2025-11-17T02:49:15Z,secret jungle koh tao party - 18 december|https://megatix.in.th/events/secret-jungle-koh-tao-party-18-december?source=home,,,2/12/2025 7:08
VIP TABLES: Kolour Hugel,Legend Siam Pattaya,https://megatix.in.th/events/vip-tables-kolour-hugel?source=home,Megatix TH,2025-11-17T02:49:16Z,vip tables: kolour hugel|https://megatix.in.th/events/vip-tables-kolour-hugel?source=home,,,2/12/2025 7:08
AFRODISE | 20 DEC 2025,CLUB SEEN Koh Samui,https://megatix.in.th/events/afrodisexclubseenkohsamui?source=home,Megatix TH,2025-11-17T02:49:16Z,afrodise | 20 dec 2025|https://megatix.in.th/events/afrodisexclubseenkohsamui?source=home,,,2/12/2025 7:08
MISS MONIQUE @ ILLUZION PHUKET | 27 DECEMBER,Illuzion Phuket,https://megatix.in.th/events/miss-monique-illuzion-phuket-27-december?source=home,Megatix TH,2025-11-17T02:49:19Z,miss monique @ illuzion phuket | 27 december|https://megatix.in.th/events/miss-monique-illuzion-phuket-27-december?source=home,,,2/12/2025 7:08
New Year's Eve Party @Hansar Bangkok,Hansar Bangkok Hotel,https://megatix.in.th/events/new-years-eve-party-safari?source=home,Megatix TH,2025-11-17T02:49:20Z,new year's eve party @hansar bangkok|https://megatix.in.th/events/new-years-eve-party-safari?source=home,,,2/12/2025 7:08
NYE with SAM DIVINE @ ILLUZION PHUKET - 31 DECEMBER 2025,Illuzion Phuket,https://megatix.in.th/events/nye-with-sam-divine-illuzion-phuket-31-december-2025?source=home,Megatix TH,2025-11-17T02:49:23Z,nye with sam divine @ illuzion phuket - 31 december 2025|https://megatix.in.th/events/nye-with-sam-divine-illuzion-phuket-31-december-2025?source=home,,,2/12/2025 7:08
LOW STEPPA | 23 JAN 2026,CLUB SEEN Koh Samui,https://megatix.in.th/events/lowsteppaclubseen?source=home,Megatix TH,2025-11-17T02:49:27Z,low steppa | 23 jan 2026|https://megatix.in.th/events/lowsteppaclubseen?source=home,,,2/12/2025 7:08
Continuum,Tean island,https://megatix.in.th/events/continuum?source=home,Megatix TH,2025-11-17T02:49:28Z,continuum|https://megatix.in.th/events/continuum?source=home,,,2/12/2025 7:08
Creamfields Asia 2025,,https://www.livenationtero.co.th/en/event/creamfields-asia-2025-bangkok-tickets-edp1636981,,2025-12-02T07:09:59Z,,13 DEC - 14 DEC 2025,"• For credit card purchases, refunds will be processed within 60 working days.",2/12/2025 7:07
Comedy Joint presents FunwithLex,Live Lounge,https://megatix.in.th/events/funwithlex-comedy-live-lounge?source=home,Megatix TH,2025-12-02T07:09:23Z,comedy joint presents funwithlex|https://megatix.in.th/events/funwithlex-comedy-live-lounge?source=home,,,8/12/2025 2:22
The Level Up Comedy Club - Stand-Up Open Mic @ P.J. O'Briens,The Level Up Comedy Club @ P.J. O'Brien's Bangkok,https://megatix.in.th/events/the-level-up-comedy-club-stand-up-open-mic-at-pj-obriens?source=home,Megatix TH,2025-12-02T07:09:24Z,the level up comedy club - stand-up open mic @ p.j. o'briens|https://megatix.in.th/events/the-level-up-comedy-club-stand-up-open-mic-at-pj-obriens?source=home,,,8/12/2025 2:22
Beach Party Saturdays,White Rabbit Beach Club,https://megatix.in.th/events/beach-party-saturdays?source=home,Megatix TH,2025-12-02T07:09:24Z,beach party saturdays|https://megatix.in.th/events/beach-party-saturdays?source=home,,,8/12/2025 2:22
CULT at MAMBA,MAMBA,https://megatix.in.th/events/cult-at-mamba?source=home,Megatix TH,2025-12-02T07:09:25Z,cult at mamba|https://megatix.in.th/events/cult-at-mamba?source=home,,,8/12/2025 2:22
Halfmoon Festival : 10th & 11th January 2026,HalfMoon Festival,https://megatix.in.th/events/halfmoon-festival-10th-11th-january-2026?source=home,Megatix TH,2025-12-02T07:09:25Z,halfmoon festival : 10th & 11th january 2026|https://megatix.in.th/events/halfmoon-festival-10th-11th-january-2026?source=home,,,8/12/2025 2:22
Halfmoon Festival : 25th & 26th January 2026,HalfMoon Festival,https://megatix.in.th/events/halfmoon-festival-25th-26th-january-2026?source=home,Megatix TH,2025-12-02T07:09:25Z,halfmoon festival : 25th & 26th january 2026|https://megatix.in.th/events/halfmoon-festival-25th-26th-january-2026?source=home,,,8/12/2025 2:22
Halfmoon Festival : 9th & 10th February 2026,HalfMoon Festival,https://megatix.in.th/events/halfmoon-festival-9th-10th-february-2026?source=home,Megatix TH,2025-12-02T07:09:25Z,halfmoon festival : 9th & 10th february 2026|https://megatix.in.th/events/halfmoon-festival-9th-10th-february-2026?source=home,,,8/12/2025 2:22
Halfmoon Festival : 23rd & 24th February 2026,HalfMoon Festival,https://megatix.in.th/events/halfmoon-festival-23th-24th-february-2026?source=home,Megatix TH,2025-12-02T07:09:25Z,halfmoon festival : 23rd & 24th february 2026|https://megatix.in.th/events/halfmoon-festival-23th-24th-february-2026?source=home,,,8/12/2025 2:22
Festive Celebration Moves Us Forward,Courtyard by Marriott Bangkok Sukhumvit 20,https://megatix.in.th/events/festive-celebration-moves-us-forward?source=home,Megatix TH,2025-12-02T07:09:26Z,festive celebration moves us forward|https://megatix.in.th/events/festive-celebration-moves-us-forward?source=home,,,8/12/2025 2:22
Amazonia,Pastel Rooftop Bar & Mediterranean Dining,https://megatix.in.th/events/amazonia?source=home,Megatix TH,2025-12-02T07:09:26Z,amazonia|https://megatix.in.th/events/amazonia?source=home,,,8/12/2025 2:22
Leo Beach Music Festival,Koh Tao,https://megatix.in.th/events/lbmf031225?source=home,Megatix TH,2025-12-02T07:09:26Z,leo beach music festival|https://megatix.in.th/events/lbmf031225?source=home,,,8/12/2025 2:22
DJUMA SOUNDSYSTEM @Café del Mar Phuket | 03.12.25,Cafe Del Mar Phuket,https://megatix.in.th/events/djuma-soundsystem-cafe-del-mar-phuket-031225?source=home,Megatix TH,2025-12-02T07:09:26Z,djuma soundsystem @café del mar phuket | 03.12.25|https://megatix.in.th/events/djuma-soundsystem-cafe-del-mar-phuket-031225?source=home,,,8/12/2025 2:22
Innerbloom x APT Dec 2025,APT 101 Club,https://megatix.in.th/events/innerbloom-x-apt-dec-2025?source=home,Megatix TH,2025-12-02T07:09:26Z,innerbloom x apt dec 2025|https://megatix.in.th/events/innerbloom-x-apt-dec-2025?source=home,,,8/12/2025 2:22
Tech Connect 4 Dec 2025,499/1 Rama III Rd,https://megatix.in.th/events/tech-connect-4-dec-2025?source=home,Megatix TH,2025-12-02T07:09:27Z,tech connect 4 dec 2025|https://megatix.in.th/events/tech-connect-4-dec-2025?source=home,,,8/12/2025 2:22
KYVO - First Light,Lamaya Bangkok,https://megatix.in.th/events/kyvo-first-light?source=home,Megatix TH,2025-12-02T07:09:27Z,kyvo - first light|https://megatix.in.th/events/kyvo-first-light?source=home,,,8/12/2025 2:22
°𝐒𝐎𝐔𝐋𝐅𝐈𝐑𝐄° - An Ecstatic Experiance with EINKI & Friends - Dec 5th,AUM Sound Healing Center,https://megatix.in.th/events/an-ecstatic-experiance-with-einki-friends-dec-5th?source=home,Megatix TH,2025-12-02T07:09:28Z,°𝐒𝐎𝐔𝐋𝐅𝐈𝐑𝐄° - an ecstatic experiance with einki & friends - dec 5th|https://megatix.in.th/events/an-ecstatic-experiance-with-einki-friends-dec-5th?source=home,,,8/12/2025 2:22
Paint Part | Festive Edition,The Fig Lobby Bangkok,https://megatix.in.th/events/discodraw-come-back-edition-copy?source=home,Megatix TH,2025-12-02T07:09:28Z,paint part | festive edition|https://megatix.in.th/events/discodraw-come-back-edition-copy?source=home,,,8/12/2025 2:22
OCTAVE STATION #33: LYNN,Octave Rooftop,https://megatix.in.th/events/octave-station-33-lynn?source=home,Megatix TH,2025-12-02T07:09:28Z,octave station #33: lynn|https://megatix.in.th/events/octave-station-33-lynn?source=home,,,8/12/2025 2:22
"HARD TECHNO witch: Lukas Meunier (BPM Berlin) | SUBWERK, by Rave Times",SUBWERK Club,https://megatix.in.th/events/hard-techno-witch-lukas-meunier-bpm-berlin-subwerk-by-rave-times?source=home,Megatix TH,2025-12-02T07:09:28Z,"hard techno witch: lukas meunier (bpm berlin) | subwerk, by rave times|https://megatix.in.th/events/hard-techno-witch-lukas-meunier-bpm-berlin-subwerk-by-rave-times?source=home",,,8/12/2025 2:22
Sunset Splash X Innerbloom Pool Party - 06 December 2025,W Bangkok,https://megatix.in.th/events/sunset-splash-x-innerbloom-pool-party-06-december-2025?source=home,Megatix TH,2025-12-02T07:09:29Z,sunset splash x innerbloom pool party - 06 december 2025|https://megatix.in.th/events/sunset-splash-x-innerbloom-pool-party-06-december-2025?source=home,,,8/12/2025 2:22
Bun Xapa | Maya Beach Club Phuket | 06.12.25,Maya Beach Club Phuket,https://megatix.in.th/events/bun-xapa-maya-beach-club-phuket-061225?source=home,Megatix TH,2025-12-02T07:09:30Z,bun xapa | maya beach club phuket | 06.12.25|https://megatix.in.th/events/bun-xapa-maya-beach-club-phuket-061225?source=home,,,8/12/2025 2:22
🔥06 Dec 2025 -AC POOL PARTY,AC Beach Club,https://megatix.in.th/events/06dec-2025-ac-pool-party?source=home,Megatix TH,2025-12-02T07:09:30Z,🔥06 dec 2025 -ac pool party|https://megatix.in.th/events/06dec-2025-ac-pool-party?source=home,,,8/12/2025 2:22
Hollystone Saturday | 06 DEC,Hollystone Phangan,https://megatix.in.th/events/hollystone-saturday-06-dec?source=home,Megatix TH,2025-12-02T07:09:30Z,hollystone saturday | 06 dec|https://megatix.in.th/events/hollystone-saturday-06-dec?source=home,,,8/12/2025 2:22
ALTER EGO 1 YEAR ANNIVERSARY - Special Edition,BLOQ,https://megatix.in.th/events/alter-ego-1-year-anniversary-special-edition?source=home,Megatix TH,2025-12-02T07:09:30Z,alter ego 1 year anniversary - special edition|https://megatix.in.th/events/alter-ego-1-year-anniversary-special-edition?source=home,,,8/12/2025 2:22
Jungle Jam BKK presents Logan D,Jungle Jam BKK (Soi Sukhumvit 11),https://megatix.in.th/events/jungle-jam-bkk-presents-logan-d?source=home,Megatix TH,2025-12-02T07:09:30Z,jungle jam bkk presents logan d|https://megatix.in.th/events/jungle-jam-bkk-presents-logan-d?source=home,,,8/12/2025 2:22
GODWIN @Café del Mar Phuket | 06.12.25,Cafe Del Mar Phuket,https://megatix.in.th/events/godwin-cafe-del-mar-phuket-061225?source=home,Megatix TH,2025-12-02T07:09:31Z,godwin @café del mar phuket | 06.12.25|https://megatix.in.th/events/godwin-cafe-del-mar-phuket-061225?source=home,,,8/12/2025 2:22
Red: Stanton Warriors,ReD CNX,https://megatix.in.th/events/red-stanton-warriors?source=home,Megatix TH,2025-12-02T07:09:31Z,red: stanton warriors|https://megatix.in.th/events/red-stanton-warriors?source=home,,,8/12/2025 2:22
'RISE' Ecstatic Dance - Sunday 7th Dec 2025 - SANDESH & Friends,Pyramid Yoga Center,https://megatix.in.th/events/rise-ecstatic-dance-koh-phangan-7dec25?source=home,Megatix TH,2025-12-02T07:09:31Z,'rise' ecstatic dance - sunday 7th dec 2025 - sandesh & friends|https://megatix.in.th/events/rise-ecstatic-dance-koh-phangan-7dec25?source=home,,,8/12/2025 2:22
Joe Gradante at Fira Beach Club,FIRA PHUKET,https://megatix.in.th/events/joe-gradante-at-fira-beach-club?source=home,Megatix TH,2025-12-02T07:09:31Z,joe gradante at fira beach club|https://megatix.in.th/events/joe-gradante-at-fira-beach-club?source=home,,,8/12/2025 2:22
Daydremer at Sunser bar 07 DEC,"Sunset bar, Pai",https://megatix.in.th/events/daydremer-at-sunser-bar-07-dec-?source=home,Megatix TH,2025-12-02T07:09:31Z,daydremer at sunser bar 07 dec|https://megatix.in.th/events/daydremer-at-sunser-bar-07-dec-?source=home,,,8/12/2025 2:22
VORTEXXX pres. NØ ERA AT ABUNDANCE | 09.12.2025,Abundance Modern Fusion,https://megatix.in.th/events/vortexxx-pres-no-era-at-abundance-09122025?source=home,Megatix TH,2025-12-02T07:09:32Z,vortexxx pres. nø era at abundance | 09.12.2025|https://megatix.in.th/events/vortexxx-pres-no-era-at-abundance-09122025?source=home,,,8/12/2025 2:22
Retro Mountain Club F2F DJ Battle THU 11 Dec,LOST IN RETRO MOUNTAIN,https://megatix.in.th/events/retro-mountain-club-f2f-dj-battle-thu-11-dec?source=home,Megatix TH,2025-12-02T07:09:33Z,retro mountain club f2f dj battle thu 11 dec|https://megatix.in.th/events/retro-mountain-club-f2f-dj-battle-thu-11-dec?source=home,,,8/12/2025 2:22
PAN-POT at Illuzion Phuket | THU 11 DEC,Illuzion Phuket,https://megatix.in.th/events/pan-pot-at-illuzion-phuket-thu-11-dec?source=home,Megatix TH,2025-12-02T07:09:33Z,pan-pot at illuzion phuket | thu 11 dec|https://megatix.in.th/events/pan-pot-at-illuzion-phuket-thu-11-dec?source=home,,,8/12/2025 2:22
He Huang Live in Bangkok,Siam@Siam Design Hotel Bangkok,https://megatix.in.th/events/HeBKK?source=home,Megatix TH,2025-12-02T07:09:33Z,he huang live in bangkok|https://megatix.in.th/events/hebkk?source=home,,,8/12/2025 2:22
Bingo Night at Blue Parrot #4,Blue Parrot Bkk,https://megatix.in.th/events/bingo-night-at-blue-parrot-4?source=home,Megatix TH,2025-12-02T07:09:33Z,bingo night at blue parrot #4|https://megatix.in.th/events/bingo-night-at-blue-parrot-4?source=home,,,8/12/2025 2:22
Stephen K Amos : Live Comedy Shows in Bangkok,Lancaster Bangkok,https://megatix.in.th/events/stephenkamosinbkk?source=home,Megatix TH,2025-12-02T07:09:33Z,stephen k amos : live comedy shows in bangkok|https://megatix.in.th/events/stephenkamosinbkk?source=home,,,8/12/2025 2:22
OCTAVE STATION #34 : SEO,Octave Rooftop,https://megatix.in.th/events/octave-station-34-seo?source=home,Megatix TH,2025-12-02T07:09:34Z,octave station #34 : seo|https://megatix.in.th/events/octave-station-34-seo?source=home,,,8/12/2025 2:22
He Huang Live in Pattaya,Siam@Siam Design Hotel Pattaya,https://megatix.in.th/events/HePattaya?source=home,Megatix TH,2025-12-02T07:09:34Z,he huang live in pattaya|https://megatix.in.th/events/hepattaya?source=home,,,8/12/2025 2:22
"Make Punk, Not War!(Food Not Bombs Myanmar) 14 December",499/1 Rama III Rd,https://megatix.in.th/events/make-punk-not-warfood-not-bombs-myanmar-14-december?source=home,Megatix TH,2025-12-02T07:09:35Z,"make punk, not war!(food not bombs myanmar) 14 december|https://megatix.in.th/events/make-punk-not-warfood-not-bombs-myanmar-14-december?source=home",,,8/12/2025 2:22
He Huang Live in Chiang Mai,Moment's Notice Jazz Club,https://megatix.in.th/events/HeCM?source=home,Megatix TH,2025-12-02T07:09:35Z,he huang live in chiang mai|https://megatix.in.th/events/hecm?source=home,,,8/12/2025 2:22
14 Dec 2025 - POOL PARTY @ AC BAR BEACHCLUB 🔥,AC Beach Club,https://megatix.in.th/events/dec-2025-pool-party-ac-bar-beachclub?source=home,Megatix TH,2025-12-02T07:09:35Z,14 dec 2025 - pool party @ ac bar beachclub 🔥|https://megatix.in.th/events/dec-2025-pool-party-ac-bar-beachclub?source=home,,,8/12/2025 2:22
He Huang Live in Koh Samui,Buffalo Event Hall,https://megatix.in.th/events/HeSamui?source=home,Megatix TH,2025-12-02T07:09:35Z,he huang live in koh samui|https://megatix.in.th/events/hesamui?source=home,,,8/12/2025 2:22
He Huang Live in Phuket,BossLVL,https://megatix.in.th/events/HePhuket?source=home,Megatix TH,2025-12-02T07:09:35Z,he huang live in phuket|https://megatix.in.th/events/hephuket?source=home,,,8/12/2025 2:22
WHITE PARTY RIVIERA,Pastel Rooftop Bar & Mediterranean Dining,https://megatix.in.th/events/white-party-riviera1?source=home,Megatix TH,2025-12-02T07:09:36Z,white party riviera|https://megatix.in.th/events/white-party-riviera1?source=home,,,8/12/2025 2:22
W AFTER DARK - FRED P,W Beach,https://megatix.in.th/events/w-after-dark-fred-p?source=home,Megatix TH,2025-12-02T07:09:37Z,w after dark - fred p|https://megatix.in.th/events/w-after-dark-fred-p?source=home,,,8/12/2025 2:22
Aaron Sevilla At APT101,APT 101 Club,https://megatix.in.th/events/aaron-sevilla-at-apt101?source=home,Megatix TH,2025-12-02T07:09:37Z,aaron sevilla at apt101|https://megatix.in.th/events/aaron-sevilla-at-apt101?source=home,,,8/12/2025 2:22
19 Dec 2025 - POOL PARTY @ AC BAR BEACHCLUB 🔥,AC Beach Club,https://megatix.in.th/events/19dec-2025-pool-party-ac-bar?source=home,Megatix TH,2025-12-02T07:09:37Z,19 dec 2025 - pool party @ ac bar beachclub 🔥|https://megatix.in.th/events/19dec-2025-pool-party-ac-bar?source=home,,,8/12/2025 2:22
OCTAVE STATION #35 : JAY,Octave Rooftop,https://megatix.in.th/events/octave-station-35-jay?source=home,Megatix TH,2025-12-02T07:09:37Z,octave station #35 : jay|https://megatix.in.th/events/octave-station-35-jay?source=home,,,8/12/2025 2:22
Naughty and Spice A Holiday Special at FOMO Bar Pattaya,FOMO BAR,https://megatix.in.th/events/naughtyandspice?source=home,Megatix TH,2025-12-02T07:09:38Z,naughty and spice a holiday special at fomo bar pattaya|https://megatix.in.th/events/naughtyandspice?source=home,,,8/12/2025 2:22
Moojo | Kashovski | 20.12.2025,Maya Beach Club Phuket,https://megatix.in.th/events/moojo-kashovski-20122025?source=home,Megatix TH,2025-12-02T07:09:39Z,moojo | kashovski | 20.12.2025|https://megatix.in.th/events/moojo-kashovski-20122025?source=home,,,8/12/2025 2:22
Orka -Ceremonial concert,Shivari,https://megatix.in.th/events/solstice-ceremonial-concert-with-orka?source=home,Megatix TH,2025-12-02T07:09:39Z,orka -ceremonial concert|https://megatix.in.th/events/solstice-ceremonial-concert-with-orka?source=home,,,8/12/2025 2:22
DJ Jordan John at Fira Phuket,FIRA PHUKET,https://megatix.in.th/events/dj-jordan-john-at-fira-phuket?source=home,Megatix TH,2025-12-02T07:09:40Z,dj jordan john at fira phuket|https://megatix.in.th/events/dj-jordan-john-at-fira-phuket?source=home,,,8/12/2025 2:22
24 Dec 2025 - POOL PARTY @ AC BAR BEACHCLUB 🔥,AC Beach Club,https://megatix.in.th/events/24dec-2025-pool-party?source=home,Megatix TH,2025-12-02T07:09:40Z,24 dec 2025 - pool party @ ac bar beachclub 🔥|https://megatix.in.th/events/24dec-2025-pool-party?source=home,,,8/12/2025 2:22
FVTURE Presents Christmas Eve,FVTURE BANGKOK,https://megatix.in.th/events/fvturepresentschristmaseve?source=home,Megatix TH,2025-12-02T07:09:40Z,fvture presents christmas eve|https://megatix.in.th/events/fvturepresentschristmaseve?source=home,,,8/12/2025 2:22
SECRET JUNGLE KOH TAO PARTY - 24 DECEMBER CHRISTMAS PARTY,Karma bar,https://megatix.in.th/events/secret-jungle-koh-tao-party-24-december?source=home,Megatix TH,2025-12-02T07:09:41Z,secret jungle koh tao party - 24 december christmas party|https://megatix.in.th/events/secret-jungle-koh-tao-party-24-december?source=home,,,8/12/2025 2:22
"RAVE X BASS - 2 Stages event - Bass music & Hard Techno,House,UKG",AVVE,https://megatix.in.th/events/rave-x-bass-2-stages-event-bass-music-hard-technohouseukg?source=home,Megatix TH,2025-12-02T07:09:42Z,"rave x bass - 2 stages event - bass music & hard techno,house,ukg|https://megatix.in.th/events/rave-x-bass-2-stages-event-bass-music-hard-technohouseukg?source=home",,,8/12/2025 2:22
AMARA Night Run Party by Seuxphen,Amara Bangkok,https://megatix.in.th/events/amara-night-run-party-by-seuxphen?source=home,Megatix TH,2025-12-02T07:09:42Z,amara night run party by seuxphen|https://megatix.in.th/events/amara-night-run-party-by-seuxphen?source=home,,,8/12/2025 2:22
The Legendary Igor Butman Live in Concert Легендарный концерт Игоря Бутмана Присоединяйтесь I InterContinental Phuket Resort,InterContinental Phuket Resort,https://megatix.in.th/events/the-legendary-igor-butman-live-in-concert-intercontinental-phuket-resort?source=home,Megatix TH,2025-12-02T07:09:43Z,the legendary igor butman live in concert легендарный концерт игоря бутмана присоединяйтесь i intercontinental phuket resort|https://megatix.in.th/events/the-legendary-igor-butman-live-in-concert-intercontinental-phuket-resort?source=home,,,8/12/2025 2:22
Onyx Bangkok presents. DBSTF,Onyx Bangkok,https://megatix.in.th/events/onyx-bangkok-presents-dbstf?source=home,Megatix TH,2025-12-02T07:09:43Z,onyx bangkok presents. dbstf|https://megatix.in.th/events/onyx-bangkok-presents-dbstf?source=home,,,8/12/2025 2:22
BEDOUIN @Café del Mar Phuket | 28.12.25,Cafe Del Mar Phuket,https://megatix.in.th/events/bedouin-cafe-del-mar-phuket-281225?source=home,Megatix TH,2025-12-02T07:09:44Z,bedouin @café del mar phuket | 28.12.25|https://megatix.in.th/events/bedouin-cafe-del-mar-phuket-281225?source=home,,,8/12/2025 2:22
FVTURE: GRAND OPENING WITH ARTBAT,FVTURE BANGKOK,https://megatix.in.th/events/fvturegrandopening?source=home,Megatix TH,2025-12-02T07:09:44Z,fvture: grand opening with artbat|https://megatix.in.th/events/fvturegrandopening?source=home,,,8/12/2025 2:22
"The Techno Countdown | 2 Stages, Swimming Pool, Fireworks | by Rave Times x Mustache",The River CLub,https://megatix.in.th/events/the-techno-countdown-2-stages-swimming-pool-fireworks-by-rave-times-x-mustache?source=home,Megatix TH,2025-12-02T07:09:45Z,"the techno countdown | 2 stages, swimming pool, fireworks | by rave times x mustache|https://megatix.in.th/events/the-techno-countdown-2-stages-swimming-pool-fireworks-by-rave-times-x-mustache?source=home",,,8/12/2025 2:22
"The Techno Countdown | 2 Stages, Swimming Pool, Fireworks | by Rave Times x Mustache - Bkk RT",The River CLub,https://megatix.in.th/events/the-techno-countdown-2-stages-swimming-pool-fireworks-by-rave-times-x-mustache-bkk-rt?source=home,Megatix TH,2025-12-02T07:09:45Z,"the techno countdown | 2 stages, swimming pool, fireworks | by rave times x mustache - bkk rt|https://megatix.in.th/events/the-techno-countdown-2-stages-swimming-pool-fireworks-by-rave-times-x-mustache-bkk-rt?source=home",,,8/12/2025 2:22
The Royal Mughal Feast,Tambu Phuket,https://megatix.in.th/events/the-royal-mughal-feast?source=home,Megatix TH,2025-12-02T07:09:45Z,the royal mughal feast|https://megatix.in.th/events/the-royal-mughal-feast?source=home,,,8/12/2025 2:22
31 Dec 2025 - POOL PARTY @ AC BAR BEACHCLUB 🔥,AC Beach Club,https://megatix.in.th/events/31dec-2025-pool-party?source=home,Megatix TH,2025-12-02T07:09:46Z,31 dec 2025 - pool party @ ac bar beachclub 🔥|https://megatix.in.th/events/31dec-2025-pool-party?source=home,,,8/12/2025 2:22
FVTURE NYE 2026,FVTURE BANGKOK,https://megatix.in.th/events/fvturenye2026?source=home,Megatix TH,2025-12-02T07:09:47Z,fvture nye 2026|https://megatix.in.th/events/fvturenye2026?source=home,,,8/12/2025 2:22
Countdown Party at Chiang Mai Marriott Hotel,Chiang Mai Marriott Hotel,https://megatix.in.th/events/2025-countdown-party-at-chiang-mai-marriott-hotel?source=home,Megatix TH,2025-12-02T07:09:47Z,countdown party at chiang mai marriott hotel|https://megatix.in.th/events/2025-countdown-party-at-chiang-mai-marriott-hotel?source=home,,,8/12/2025 2:22
SECRET JUNGLE KOH TAO PARTY - 31 DECEMBER NEW YEARS EVE,Karma bar,https://megatix.in.th/events/secret-jungle-koh-tao-party-31-december?source=home,Megatix TH,2025-12-02T07:09:47Z,secret jungle koh tao party - 31 december new years eve|https://megatix.in.th/events/secret-jungle-koh-tao-party-31-december?source=home,,,8/12/2025 2:22
NEW YEAR’S EVE • THE FROZEN COUNTDOWN • MAYA BEACH CLUB PHUKET,Maya Beach Club Phuket,https://megatix.in.th/events/new-years-eve-the-frozen-countdown-maya-beach-club-phuket?source=home,Megatix TH,2025-12-02T07:09:47Z,new year’s eve • the frozen countdown • maya beach club phuket|https://megatix.in.th/events/new-years-eve-the-frozen-countdown-maya-beach-club-phuket?source=home,,,8/12/2025 2:22
ARTBAT @Café del Mar Phuket | 02.01.26,Cafe Del Mar Phuket,https://megatix.in.th/events/artbat-cafe-del-mar-phuket-020126?source=home,Megatix TH,2025-12-02T07:09:48Z,artbat @café del mar phuket | 02.01.26|https://megatix.in.th/events/artbat-cafe-del-mar-phuket-020126?source=home,,,8/12/2025 2:22
FATBOY SLIM @Café del Mar Phuket | 03.01.26,Cafe Del Mar Phuket,https://megatix.in.th/events/fatboyslim-cafe-del-mar-phuket-030126?source=home,Megatix TH,2025-12-02T07:09:49Z,fatboy slim @café del mar phuket | 03.01.26|https://megatix.in.th/events/fatboyslim-cafe-del-mar-phuket-030126?source=home,,,8/12/2025 2:22
"FULLMOON ""ARTBAT"" | 3 JAN 2026",CLUB SEEN Koh Samui,https://megatix.in.th/events/fullmoon-artbat?source=home,Megatix TH,2025-12-02T07:09:49Z,"fullmoon ""artbat"" | 3 jan 2026|https://megatix.in.th/events/fullmoon-artbat?source=home",,,8/12/2025 2:22
Комната культуры. Впервые на Пхукете.,Illuzion Phuket,https://megatix.in.th/events/komhata-5Jan?source=home,Megatix TH,2025-12-02T07:09:49Z,комната культуры. впервые на пхукете.|https://megatix.in.th/events/komhata-5jan?source=home,,,8/12/2025 2:22
STEREO MUSIC FEST,Lotus arena,https://megatix.in.th/events/stereo-music-fest?source=home,Megatix TH,2025-12-02T07:09:50Z,stereo music fest|https://megatix.in.th/events/stereo-music-fest?source=home,,,8/12/2025 2:22
IL MURETTO with BLACKCHILD @ ILLUZION PHUKET - 08 JANUARY 2026,Illuzion Phuket,https://megatix.in.th/events/il-muretto-with-blackchild-illuzion-phuket-08-january-2026?source=home,Megatix TH,2025-12-02T07:09:50Z,il muretto with blackchild @ illuzion phuket - 08 january 2026|https://megatix.in.th/events/il-muretto-with-blackchild-illuzion-phuket-08-january-2026?source=home,,,8/12/2025 2:22
Wolf Alice | Bangkok 2026,Ambience Space,https://megatix.in.th/events/wolf-alice-bangkok-2026?source=home,Megatix TH,2025-12-02T07:09:51Z,wolf alice | bangkok 2026|https://megatix.in.th/events/wolf-alice-bangkok-2026?source=home,,,8/12/2025 2:22
Виктор Комаров: Сольный Стендап Концерт в Бангкоке,Siam@Siam Design Hotel Bangkok,https://megatix.in.th/events/komarovBKK?source=home,Megatix TH,2025-12-02T07:09:52Z,виктор комаров: сольный стендап концерт в бангкоке|https://megatix.in.th/events/komarovbkk?source=home,,,8/12/2025 2:22
Виктор Комаров: Сольный Стендап Концерт в Паттайе,Siam@Siam Design Hotel Pattaya,https://megatix.in.th/events/komarovPattaya?source=home,Megatix TH,2025-12-02T07:09:52Z,виктор комаров: сольный стендап концерт в паттайе|https://megatix.in.th/events/komarovpattaya?source=home,,,8/12/2025 2:22
Антоха МС,Courage,https://megatix.in.th/events/AHTOXAMC?source=home,Megatix TH,2025-12-02T07:09:53Z,антоха мс|https://megatix.in.th/events/ahtoxamc?source=home,,,8/12/2025 2:22
Lost Miracle | 30 JAN 2026,CLUB SEEN Koh Samui,https://megatix.in.th/events/lostmiracle?source=home,Megatix TH,2025-12-02T07:09:53Z,lost miracle | 30 jan 2026|https://megatix.in.th/events/lostmiracle?source=home,,,8/12/2025 2:22
OXA - Jungle Party [30.01.26],Oxa Koh Phangan,https://megatix.in.th/events/oxa-jungle-party-300126?source=home,Megatix TH,2025-12-02T07:09:53Z,oxa - jungle party [30.01.26]|https://megatix.in.th/events/oxa-jungle-party-300126?source=home,,,8/12/2025 2:22
OXA - Jungle Party [06.02.26],Oxa Koh Phangan,https://megatix.in.th/events/oxa-jungle-party-060226?source=home,Megatix TH,2025-12-02T07:09:54Z,oxa - jungle party [06.02.26]|https://megatix.in.th/events/oxa-jungle-party-060226?source=home,,,8/12/2025 2:22
6inch: High Heels Dance Retreat in Phuket 2026,Wyndham Grand Phuket Kalim Bay,https://megatix.in.th/events/6inch?source=home,Megatix TH,2025-12-02T07:09:54Z,6inch: high heels dance retreat in phuket 2026|https://megatix.in.th/events/6inch?source=home,,,8/12/2025 2:22
OXA - Jungle Party [13.02.26],Oxa Koh Phangan,https://megatix.in.th/events/oxa-jungle-party-130226?source=home,Megatix TH,2025-12-02T07:09:55Z,oxa - jungle party [13.02.26]|https://megatix.in.th/events/oxa-jungle-party-130226?source=home,,,8/12/2025 2:22
OXA - Jungle Party [20.02.26],Oxa Koh Phangan,https://megatix.in.th/events/oxa-jungle-party-200226?source=home,Megatix TH,2025-12-02T07:09:55Z,oxa - jungle party [20.02.26]|https://megatix.in.th/events/oxa-jungle-party-200226?source=home,,,8/12/2025 2:22
ANTS PHUKET @ ILLUZION - 21 FEBRUARY 2026,Illuzion Phuket,https://megatix.in.th/events/ants-phuket-illuzion-21-february-2026?source=home,Megatix TH,2025-12-02T07:09:56Z,ants phuket @ illuzion - 21 february 2026|https://megatix.in.th/events/ants-phuket-illuzion-21-february-2026?source=home,,,8/12/2025 2:22
Kaiwa Sunday Night Party @ 5th fl. Emsphere by G-Spot Entertainment,"KAIWA, 5th Floor, EMSPHERE, Bangkok",https://megatix.in.th/events/kaiwa-sunday-t-dance-party-5th-fl-emsphere-by-g-spot-entertainment?source=home,Megatix TH,2025-12-08T02:23:35Z,kaiwa sunday night party @ 5th fl. emsphere by g-spot entertainment|https://megatix.in.th/events/kaiwa-sunday-t-dance-party-5th-fl-emsphere-by-g-spot-entertainment?source=home,,,
Ethnica | Every Friday,Maya Beach Club Phuket,https://megatix.in.th/events/ethnica-every-friday?source=home,Megatix TH,2025-12-08T02:23:35Z,ethnica | every friday|https://megatix.in.th/events/ethnica-every-friday?source=home,,,
Moonbeach party,Moon Beach Pai,https://megatix.in.th/events/moonbeach-party812?source=home,Megatix TH,2025-12-08T02:23:35Z,moonbeach party|https://megatix.in.th/events/moonbeach-party812?source=home,,,
Leo Beach Music Festival,Koh Tao,https://megatix.in.th/events/lbmf101225?source=home,Megatix TH,2025-12-08T02:23:36Z,leo beach music festival|https://megatix.in.th/events/lbmf101225?source=home,,,
Afro Thursdays 11th December,MAMBA,https://megatix.in.th/events/afro-thursdays-11th-december?source=home,Megatix TH,2025-12-08T02:23:37Z,afro thursdays 11th december|https://megatix.in.th/events/afro-thursdays-11th-december?source=home,,,
𝐒𝐎𝐔𝐋𝐅𝐈𝐑𝐄 🔥 𝐄𝐜𝐬𝐭𝐚𝐭𝐢𝐜 𝐄𝐱𝐩𝐞𝐫𝐢𝐞𝐧𝐜𝐞 - Dec 12th,AUM Sound Healing Center,https://megatix.in.th/events/dec-12th?source=home,Megatix TH,2025-12-08T02:23:37Z,𝐒𝐎𝐔𝐋𝐅𝐈𝐑𝐄 🔥 𝐄𝐜𝐬𝐭𝐚𝐭𝐢𝐜 𝐄𝐱𝐩𝐞𝐫𝐢𝐞𝐧𝐜𝐞 - dec 12th|https://megatix.in.th/events/dec-12th?source=home,,,
THE COMEDY CLUB BANGKOK 2025 FINALE SHOW!,"The Comedy Club Bangkok, above The Royal Oak",https://megatix.in.th/events/the-comedy-club-bangkok-2025-finale-show?source=home,Megatix TH,2025-12-08T02:23:37Z,the comedy club bangkok 2025 finale show!|https://megatix.in.th/events/the-comedy-club-bangkok-2025-finale-show?source=home,,,
Eli & Fur @BACCARAT WORLDWIDE | 12.12.2025,Baccarat,https://megatix.in.th/events/eli-fur-baccarat-worldwide-12122025?source=home,Megatix TH,2025-12-08T02:23:38Z,eli & fur @baccarat worldwide | 12.12.2025|https://megatix.in.th/events/eli-fur-baccarat-worldwide-12122025?source=home,,,
ERRatic Behavior: Comedy Storytelling Night at Err Urban Rustic Thai,Err Rustic Thai,https://megatix.in.th/events/errattic-behavior?source=home,Megatix TH,2025-12-08T02:23:38Z,erratic behavior: comedy storytelling night at err urban rustic thai|https://megatix.in.th/events/errattic-behavior?source=home,,,
Stand-Up Comedy - SORABH PANT (Amazon Prime) - Live in Bangkok!,"The Comedy Club Bangkok, above The Royal Oak",https://megatix.in.th/events/stand-up-comedy-sorabh-pant-amazon-prime-live-in-bangkok?source=home,Megatix TH,2025-12-08T02:23:38Z,stand-up comedy - sorabh pant (amazon prime) - live in bangkok!|https://megatix.in.th/events/stand-up-comedy-sorabh-pant-amazon-prime-live-in-bangkok?source=home,,,
Hollystone Saturday | 13 DEC,Hollystone Phangan,https://megatix.in.th/events/hollystone-saturday-13-dec?source=home,Megatix TH,2025-12-08T02:23:38Z,hollystone saturday | 13 dec|https://megatix.in.th/events/hollystone-saturday-13-dec?source=home,,,
Afro Sundays 14th December,MAMBA,https://megatix.in.th/events/afro-sundays-14th-december?source=home,Megatix TH,2025-12-08T02:23:39Z,afro sundays 14th december|https://megatix.in.th/events/afro-sundays-14th-december?source=home,,,
Afro Thursdays 18th December,MAMBA,https://megatix.in.th/events/afro-thursdays-18th-december?source=home,Megatix TH,2025-12-08T02:23:40Z,afro thursdays 18th december|https://megatix.in.th/events/afro-thursdays-18th-december?source=home,,,
Juany Bravo @BACCARAT WORLDWIDE | 19.12.2025,Baccarat,https://megatix.in.th/events/johnny-bravo-baccarat-worldwide-26122025?source=home,Megatix TH,2025-12-08T02:23:41Z,juany bravo @baccarat worldwide | 19.12.2025|https://megatix.in.th/events/johnny-bravo-baccarat-worldwide-26122025?source=home,,,
Hollystone Saturday | 20 DEC,Hollystone Phangan,https://megatix.in.th/events/hollystone-saturday-20-dec?source=home,Megatix TH,2025-12-08T02:23:42Z,hollystone saturday | 20 dec|https://megatix.in.th/events/hollystone-saturday-20-dec?source=home,,,
STANTON WARRIORS (UK) @ SUB @ Courage Phuket 20.12.2025,Courage,https://megatix.in.th/events/stanton-warriors-sub-2012?source=home,Megatix TH,2025-12-08T02:23:43Z,stanton warriors (uk) @ sub @ courage phuket 20.12.2025|https://megatix.in.th/events/stanton-warriors-sub-2012?source=home,,,
Afro Sundays 21st December,MAMBA,https://megatix.in.th/events/afro-sundays-21st-december?source=home,Megatix TH,2025-12-08T02:23:43Z,afro sundays 21st december|https://megatix.in.th/events/afro-sundays-21st-december?source=home,,,
Petanque Tournament at Blue Parrot #4,Blue Parrot Bkk,https://megatix.in.th/events/petanque-tournament-at-blue-parrot-3?source=home,Megatix TH,2025-12-08T02:23:43Z,petanque tournament at blue parrot #4|https://megatix.in.th/events/petanque-tournament-at-blue-parrot-3?source=home,,,
Moonmountain,499/1 Rama III Rd,https://megatix.in.th/events/moonmountain?source=home,Megatix TH,2025-12-08T02:23:43Z,moonmountain|https://megatix.in.th/events/moonmountain?source=home,,,
Secret Rave Hard Techno Retro Mountain Club TUE 23.12.25,LOST IN RETRO MOUNTAIN,https://megatix.in.th/events/secret-rave-hard-techno-retro-mountain-club?source=home,Megatix TH,2025-12-08T02:23:44Z,secret rave hard techno retro mountain club tue 23.12.25|https://megatix.in.th/events/secret-rave-hard-techno-retro-mountain-club?source=home,,,
Afro Christmas,MAMBA,https://megatix.in.th/events/afro-christmas?source=home,Megatix TH,2025-12-08T02:23:45Z,afro christmas|https://megatix.in.th/events/afro-christmas?source=home,,,
SHAPESHIFTERS X APT101 DEC 2035,APT 101 Club,https://megatix.in.th/events/shapeshifters-x-apt101-dec-2025?source=home,Megatix TH,2025-12-08T02:23:46Z,shapeshifters x apt101 dec 2035|https://megatix.in.th/events/shapeshifters-x-apt101-dec-2025?source=home,,,
Hollystone Saturday | 27 DEC,Hollystone Phangan,https://megatix.in.th/events/hollystone-saturday-27-dec?source=home,Megatix TH,2025-12-08T02:23:46Z,hollystone saturday | 27 dec|https://megatix.in.th/events/hollystone-saturday-27-dec?source=home,,,
Afro Sundays 28th December,MAMBA,https://megatix.in.th/events/afro-sundays-28th-december?source=home,Megatix TH,2025-12-08T02:23:47Z,afro sundays 28th december|https://megatix.in.th/events/afro-sundays-28th-december?source=home,,,
Tony Romera @BACCARAT WORLDWIDE | 29.12.2025,Baccarat,https://megatix.in.th/events/tony-romera-baccarat-worldwide-29122025?source=home,Megatix TH,2025-12-08T02:23:47Z,tony romera @baccarat worldwide | 29.12.2025|https://megatix.in.th/events/tony-romera-baccarat-worldwide-29122025?source=home,,,
Lovra @BACCARAT WORLDWIDE | 30.12.2025,Baccarat,https://megatix.in.th/events/lovra-baccarat-worldwide-30122025?source=home,Megatix TH,2025-12-08T02:23:48Z,lovra @baccarat worldwide | 30.12.2025|https://megatix.in.th/events/lovra-baccarat-worldwide-30122025?source=home,,,
Sunset to Starlight countdown 2026 - Flamenco,"FLAMENCO BANGKOK - 9th floor Helix Building, Emquartier",https://megatix.in.th/events/sunset-to-starlight-countdown-2026-Flamenco?source=home,Megatix TH,2025-12-08T02:23:48Z,sunset to starlight countdown 2026 - flamenco|https://megatix.in.th/events/sunset-to-starlight-countdown-2026-flamenco?source=home,,,
New Year Sacred Ecstatic: ceremonial NY eve,Shivari healing & art center,https://megatix.in.th/events/new-year-sacred-ecstatic?source=home,Megatix TH,2025-12-08T02:23:48Z,new year sacred ecstatic: ceremonial ny eve|https://megatix.in.th/events/new-year-sacred-ecstatic?source=home,,,
Afro New Years,MAMBA,https://megatix.in.th/events/afro-new-years?source=home,Megatix TH,2025-12-08T02:23:48Z,afro new years|https://megatix.in.th/events/afro-new-years?source=home,,,
APT 101 NEW YEAR EVE PARTY,APT 101 Club,https://megatix.in.th/events/apt-101-new-year-eve-party?source=home,Megatix TH,2025-12-08T02:23:49Z,apt 101 new year eve party|https://megatix.in.th/events/apt-101-new-year-eve-party?source=home,,,
Havana Social New Year’s Eve 2026 Party Carnival,Havana Social,https://megatix.in.th/events/havana-social-new-years-eve-2026-party-carnival?source=home,Megatix TH,2025-12-08T02:23:49Z,havana social new year’s eve 2026 party carnival|https://megatix.in.th/events/havana-social-new-years-eve-2026-party-carnival?source=home,,,
SAX SUNSET VIBES,M Wine Lounge,https://megatix.in.th/events/sax-sunset-vibes?source=home,Megatix TH,2025-12-08T02:23:51Z,sax sunset vibes|https://megatix.in.th/events/sax-sunset-vibes?source=home,,,
De La Swing | Sacchi | Sziko | Savaii at Fira Beach Club,FIRA PHUKET,https://megatix.in.th/events/de-la-swing-sacchi-sziko-savaii-at-fira-beach-club?source=home,Megatix TH,2025-12-08T02:23:52Z,de la swing | sacchi | sziko | savaii at fira beach club|https://megatix.in.th/events/de-la-swing-sacchi-sziko-savaii-at-fira-beach-club?source=home,,,
Stand Up Нурлана Сабурова на Пхукете,Royal Phuket City Hotel,https://megatix.in.th/events/nurlan-saburov?source=home,Megatix TH,2025-12-08T02:23:52Z,stand up нурлана сабурова на пхукете|https://megatix.in.th/events/nurlan-saburov?source=home,,,
Escobar KohTao - Pure Jungle 🔥 🌴 6.1.25,Escobar,https://megatix.in.th/events/escobar-kohtao-pure-jungle-6125?source=home,Megatix TH,2025-12-08T02:23:53Z,escobar kohtao - pure jungle 🔥 🌴 6.1.25|https://megatix.in.th/events/escobar-kohtao-pure-jungle-6125?source=home,,,
Appetite x BOA | 9.1.26,BOA Nightclub Phuket,https://megatix.in.th/events/appetite-x-boa?source=home,Megatix TH,2025-12-08T02:23:53Z,appetite x boa | 9.1.26|https://megatix.in.th/events/appetite-x-boa?source=home,,,
PEACE & PIECE,El Forest,https://megatix.in.th/events/peace-piece?source=home,Megatix TH,2025-12-08T02:23:53Z,peace & piece|https://megatix.in.th/events/peace-piece?source=home,,,
Escobar KohTao - Wild Totem 🔥 🌴 10.1.25,Escobar,https://megatix.in.th/events/escobar-kohtao-wild-totem-10125?source=home,Megatix TH,2025-12-08T02:23:54Z,escobar kohtao - wild totem 🔥 🌴 10.1.25|https://megatix.in.th/events/escobar-kohtao-wild-totem-10125?source=home,,,
Icegergert. Впервые на Пхукете.,Illuzion Phuket,https://megatix.in.th/events/icegergert-14-Jan?source=home,Megatix TH,2025-12-08T02:23:54Z,icegergert. впервые на пхукете.|https://megatix.in.th/events/icegergert-14-jan?source=home,,,
NINA KRAVIZ | 15 JAN 2026,CLUB SEEN Koh Samui,https://megatix.in.th/events/clubseen-ninakraviz?source=home,Megatix TH,2025-12-08T02:23:54Z,nina kraviz | 15 jan 2026|https://megatix.in.th/events/clubseen-ninakraviz?source=home,,,
FRANCIS MERCIER @Café del Mar Phuket | 24.01.26,Cafe Del Mar Phuket,https://megatix.in.th/events/francis-mercier-cafe-del-mar-phuket-240126?source=home,Megatix TH,2025-12-08T02:23:56Z,francis mercier @café del mar phuket | 24.01.26|https://megatix.in.th/events/francis-mercier-cafe-del-mar-phuket-240126?source=home,,,
